QUẦY THUỐC PHẠM GiỎI, Âp 3,Hưng Hoà,Bàu Bàng,Bình Dương
QUẦY THUỐC SỐ 401,,"Chợ  Long Nguyên, Long Nguyên",Bến Cát,Bình Dương
NHÀ THUỐC THIỆN ĐỨC ĐƯỜNG,221,Hùng Vương,Bến Cát,Bình Dương
QUẦY THUỐC MINH THÚY,," Đường 30-4, Long Tân",Dầu Tiếng,Bình Dương
QUẦY THUỐC Y ĐỨC,," Đường Hùng Vương, Thị Trấn Dầu Tiếng",Dầu Tiếng,Bình Dương
NHÀ THUỐC MINH CHÂU,,"Ấp Chợ, Xã Thanh Tuyền",Dầu Tiếng,Bình Dương
NHÀ THUỐC SỐ 9,8\9,Cô Giang,Dĩ An,Bình Dương
NHÀ THUỐC TÙNG VÂN,08,Cô Giang,Dĩ An,Bình Dương
NHÀ THUỐC SỐ 19,821/7a,Đông Thành,Dĩ An,Bình Dương
NHÀ THUỐC PHAN PHÚC 193,3/20C,Lê Hồng Phong,Dĩ An,Bình Dương
NHÀ THUỐC LAN ANH,378,Nguyễn An Ninh,Dĩ An,Bình Dương
NHÀ THUỐC HOA LỢI,101c/3c,Phú Châu,Dĩ An,Bình Dương
NHÀ THUỐC QUỐC DOANH,23/14B,Tân Long,Dĩ An,Bình Dương
NHÀ THUỐC ÍCH SANH ĐƯỜNG,1173/13,Bưng Cầu,Hiệp Thành,Bình Dương
NHÀ THUỐC BÁ LỘC,183,Lý Thường Kiệt,Phú Cường,Bình Dương
NHÀ THUỐC THIÊN THỌ ĐƯỜNG,,Nguyễn Thái Học,Phú Cường,Bình Dương
NHÀ THUỐC NGỌC TRINH,Ấp 5,An Bình,Phú Giaó,Bình Dương
NHÀ THUỐC LỘC THÀNH,,Độc Lập,Phú Giaó,Bình Dương
NHÀ THUỐC PHƯƠNG ANH,31,Tân Thành,Tân Uyên,Bình Dương
NHÀ THUỐC THANH TÂM,117,30/4,Thủ Dầu Một,Bình Dương
NHÀ THUỐC TẤN NHÃ,1,"Bàu Bàng, P. Phú Cường",Thủ Dầu Một,Bình Dương
NHÀ THUỐC THUỲ HƯƠNG,20/2,Lê Hồng Phong,Thủ Dầu Một,Bình Dương
NHÀ THUỐC MINH THƯ,239,Lê Hồng Phong,Thủ Dầu Một,Bình Dương
NHÀ THUỐC BÁ HẢI,23/2,Bình Quới,Thuận An,Bình Dương
NHÀ THUỐC NHƯ HOÀN 3,C1/132,Bình Thuận 2,Thuận An,Bình Dương
QUẦY THUỐC 469,42,ĐT 745 Thị Xã Lái Thiêu,Thuận An,Bình Dương
QUẦY THUỐC ĐỨC TOÀN,91\2,F1B ,Thuận An,Bình Dương
NHÀ THUỐC BẢO LIÊN,18/1,Hòa Lân,Thuận An,Bình Dương
QUẦY THUỐC LAM LINH,6,"Đường 3, TT Thương Mại Bình Dương",TP TDM,Bình Dương
Y HỌC CỔ TRUYỀN TRANG CẢNH TÂN,27,Lý Tự Trọng,Bình Long,Bình Phước
NHÀ THUỐC NGỌC HOA,157,Nguyễn Huệ,Bình Long,Bình Phước
NHÀ THUỐC PHONG SƠN,110,Trần Hưng Đạo,Bình Long,Bình Phước
QUẦY THUỐC KHÁNH VÂN,,"Chợ Đắk Ơ, Xã Đắk Ơ",Bù Gia Mập,Bình Phước
QUẦY THUỐC ĐẶNG VĂN TIẾN,,"DT 741, Thôn Tân Lập, Phú Nghĩa",Bù Gia Mập,Bình Phước
QUẦY THUỐC SỐ 950,,QL14,"Chợ Bù Na , Nghĩa Trung, Bù Đăng",Bình Phước
QUẢNG SANH ĐƯỜNG,,Đường Số 3,"Chợ Đồng Xoài, Tx Đồng Xoài",Bình phước
QUẦY THUỐC TRÀ MY,,Ấp 2,"Chợ Đức Liễu,Đức Liễu , Bù Đăng",Bình Phước
QUẦY THUỐC NGÂN SOA,,Ấp 2,"Chợ Minh Hưng, Minh Hưng, Bù Đăng",Bình Phước
QUẦY THUỐC HẢI OANH,,Thôn 1,"Chợ Thống Nhất, Thống Nhất, Bù Đăng",Bình Phước
QUẦY THUỐC BA TÂM,,Quốc lộ 13,Chơn Thành,Bình Phước
QUẦY THUỐC TRUNG UYÊN,,DT 751 Tổ 11 Khu Phố 2 ,Huyện Chơn Thành,Bình Phước
QUẦY THUỐC SỐ 70,,Ấp Hiệp Thành Tân Xã Lộc Hiệp,Huyện Lộc Ninh,Bình Phước
Y HỌC CỔ TRUYỀN TRANG CẢNH THÀNH,,Chợ Lộc Ninh,Lộc Ninh,Bình Phước
NHÀ THUỐC XUÂN QUỲNH,,Chợ Lộc Ninh,Lộc Ninh,Bình Phước
QUẦY THUỐC LIÊN CHÂU,,"Chợ Bù Nho, Thôn Tân Hiệp 2, Bù Nho",Phú Riềng,Bình Phước
QUẦY THUỐC THU HƯỜNG,,"Chợ Bù Nho, Thôn Tân Hiệp 2, Bù Nho",Phú Riềng,Bình Phước
NHÀ THUỐC ĐĂNG KHOA,219,"Thôn Phú Cường, Xã Phú Riềng",Phú Riềng,Bình Phước
NHÀ THUỐC HỒNG LAM,,QL14,"Thị Trấn Đức Phong, Bù Đăng",Bình Phước
QUẦY THUỐC THU HÀ,1848,"QL14, Chợ Tân Thành, Xã Tân Thành",Thị Xã Đồng Xoài,Bình Phước
QUẦY THUỐC VẠN HƯNG,18,"DT741, KP4, P.Long Phước",Thị Xã Phước Long,Bình Phước
NHÀ THUỐC  LƯƠNG THỊ LẪM,,"TTTM Phước Long, KP.3, P.Thác Mơ",Thị Xã Phước Long,Bình Phước
NHÀ THUỐC ĐÔNG Y LAI AN ĐƯỜNG,148,Nguyễn Tất Thành,Bắc Bình,Bình Thuận
NHÀ THUỐC ĐY THI VẠN SANH,319,Nguyễn Tất Thành,Bắc Bình,Bình Thuận
QUẦY THUỐC SỐ 135,,ĐT720-Vũ Hòa ,Đức Linh,Bình Thuận
QUẦY THUỐC BẮC THẦY THANH,,ĐT766 -T4 -Đức Hạnh,Đức Linh,Bình Thuận
QUẦY THUỐC THỦY LỢI,,KP 2- Đức Tài,Đức Linh,Bình Thuận
NHÀ THUỐC KIM THƯ,Kp6,Chợ Tân Nghĩa ,Hàm Tân,Bình Thuận
NHÀ THUỐC THANH HỒNG,22,"Nguyễn Trãi, Chợ 30-Km 30",Hàm Thuận Nam,Bình Thuận
NHÀ THUỐC THIÊN NGHIỆP ĐƯỜNG,57, Nguyễn Ngọc Kỳ,Lagi,Bình Thuận
NHÀ THUỐC ĐỨC HẠNH,372, Thống Nhất  ,Lagi,Bình Thuận
NHÀ THUỐC  SỐ 115,548, Thống Nhất  ,Lagi,Bình Thuận
NHÀ THUỐC TẾ THẾ,,Chợ Lagi,Lagi,Bình Thuận
NHÀ THUỐC SỐ 128,13,Phạm Ngũ Lão,Lagi,Bình Thuận
NHÀ THUỐC THIÊN SANH,4, Nguyễn Du,Phan Thiết,Bình Thuận
NHÀ THUỐC THANH BÌNH,20, Nguyễn Thị Minh Khai,Phan Thiết,Bình Thuận
NHÀ THUỐC HẬU THIÊN SANH,332,Huỳnh Thúc Kháng,Phan Thiết,Bình Thuận
NHÀ THUỐC ĐÔNG Y ĐẠI NGUYÊN,46,Lê Hồng Phong,Phan Thiết,Bình Thuận
NHÀ THUỐC TRƯỜNG GIANG,34,Nguyễn Hội,Phan Thiết,Bình Thuận
NHÀ THUỐC PHÚC BẢO,438,Thủ Khoa Huân,Phan Thiết,Bình Thuận
NHÀ THUỐC VẠN AN,109,Trần Phú,Phan Thiết,Bình Thuận
QUẦY THUỐC NHẬT NAM,,ĐT 717- Bắc Ruộng,Tánh Linh,Bình Thuận
QUẦY THUỐC ĐÔNG Y NGUYÊN HÙNG,,KP 1-Lạc Tánh,Tánh Linh,Bình Thuận
NHÀ THUỐC HỒNG,641,Chí Công,Tuy Phong,Bình Thuận
NHÀ THUỐC TÚ THẢO,Kiot 9,Chợ Liên Hương,Tuy Phong,Bình Thuận
NHÀ THUỐC SỐ 67,49,Quang Trung,Tuy Phong,Bình Thuận
NHÀ THUỐC BẮC HẬU MINH ĐƯỜNG,207,"Khóm 7, Thị Trấn Sông Đốc",Huyện Trần Văn Thời,Cà Mau
NHÀ THUỐC ĐỒNG XUÂN ĐƯỜNG,16D,"Lạc Long Quân, KV1, Khóm 2, TT. Năm Căn",Năm Căn,Cà Mau
NHÀ THUỐC THỊNH PHÁT,,"Khóm 8, TT. Thới Bình",Thới Bình,Cà Mau
NHÀ THUỐC ĐỨC AN ĐƯỜNG,Số 36 Đề Thám,"Đề Thám, P.2",TP. Cà Mau,Cà Mau
NHÀ THUỐC MIÊN THỌ ĐƯỜNG,111,"Phạm Văn Ký, P.2",TP. Cà Mau,Cà Mau
NHÀ THUỐC VĨNH THUẬN,10C,"Trưng Nhị, P.2",TP. Cà Mau,Cà Mau
NHÀ THUỐC MINH TINH ĐƯỜNG,20,"Trưng Nhị, P.2",TP. Cà Mau,Cà Mau
NHÀ THUỐC NGUYÊN HƯNG,22A/3,Bùi Hữu Nghĩa,Bình Thủy,Cần Thơ
NHÀ THUỐC BÌNH THỦY,",26/8",Bùi Hữu Nghĩa,Bình Thủy,Cần Thơ
NHÀ THUỐC AN THỚI,296,CMT8,Bình Thủy,Cần Thơ
NHÀ THUỐC PHƯỚC THỊNH,32/6,Lê Hồng Phong,Bình Thủy,Cần Thơ
NHÀ THUỐC TÂN AN LẠC,53A/13,Lê Hồng Phong,Bình Thủy,Cần Thơ
NHÀ THUỐC HỘI LỰC,Đối diện 26/17,Phan Huỳnh Tô,Bình Thủy,Cần Thơ
NHÀ THUỐC LIÊN HƯƠNG,445,Trần Quang Diệu,Bình Thủy,Cần Thơ
NHÀ THUỐC NGUYỆT THU,15A1,TTTM Cái Khế,Cái Khế,Cần Thơ
NHÀ THUỐC LAN THẢO,193,Chợ Cái Chanh,Cái Răng,Cần Thơ
NHÀ THUỐC LÊ THÀNH PHONG,174,Đường số 8 KDC 586,Cái Răng,Cần Thơ
NHÀ THUỐC TRƯỜNG SANH ĐƯỜNG,9/2,Lê Thái Tổ,Cái Răng,Cần Thơ
NHÀ THUỐC AN HƯNG ĐƯỜNG,,30/4 ấp thới Thuận,Cờ Đỏ,Cần Thơ
NHÀ THUỐC DƯƠNG THỊ SÁU,163/8,Bùi Hữu Nghĩa,Long tuyền,Cần Thơ
NHÀ THUỐC THÁI SANH ĐƯỜNG,142,CMT8,Ninh Kiều,Cần Thơ
NHÀ THUỐC VĨNH THÀNH,56,Hai bà trưng ,Ninh Kiều,Cần Thơ
NHÀ THUỐC TRUNG SƠN 1,86/3,Lý Tự Trọng,Ninh Kiều,Cần Thơ
NHÀ THUỐC NGÔ QUYỀN,5,Ngô Quyền,Ninh Kiều,Cần Thơ
NHÀ THUỐC TRƯỜNG THỌ ĐƯỜNG,22,Ngô Quyền,Ninh Kiều,Cần Thơ
NHÀ THUỐC BÌNH TÂN,38,Quang Trung ,Ninh Kiều,Cần Thơ
NHÀ THUỐC ĐỨC THỌ ĐƯỜNG,233/1,Bến Bạch Đằng,Ô Môn,Cần Thơ
NHÀ THUỐC BẢO AN 2,179/1,Ngô Quyền,Ô Môn,Cần Thơ
NHÀ THUỐC HỒNG HUỆ,45,Trần Hưng Đạo,Ô Môn,Cần Thơ
NHÀ THUỐC QUẢNG AN ĐƯỜNG,,Chợ Phong Điền,Phong Điền,Cần Thơ
NHÀ THUỐC HÒA ĐÀO,118,Lê Lợi,Thốt Nốt,Cần Thơ
NHÀ THUỐC BẢO THÀNH,111,Nguyễn Thái Học,Thốt Nốt,Cần Thơ
NHÀ THUỐC HIỆP HÒA,,TTTM Thốt Nốt,Thốt Nốt,Cần Thơ
NHÀ THUỐC HOÀNG ĐỨC ÍCH,,Chợ Nước Hai,Huyện Hòa An,Cao Bằng
NHÀ THUỐC NÔNG THỊ TRANG,,Chợ TT Hùng Quốc,Huyện Trà Lĩnh,Cao Bằng
NHÀ THUỐC BÍCH DUNG,,Chợ Trung Tâm,Phường Hợp Giang,Cao Bằng
QUẦY THUỐC NÔNG THỊ ÚT,,Chợ Nguyên Bình,Thị trấn Nguyên Bình,Cao Bằng
QUẦY THUỐC LẠI HỒNG ĐƯƠNG,,Phố mới,Thị trấn Quảng Yên,Cao Bằng
QUẦY THUỐC VŨ ĐỨC HỮU,,Tổ 3 ,Thị trấn Trùng Khánh,Cao Bằng
NHÀ THUỐC DAPHARCO 44,18, Đinh Tiên Hòang , Hải Châu ,Đà Nẵng
NHÀ THUỐC CẨM TÚ,556, Hoàng Diệu , Hải Châu ,Đà Nẵng
NHÀ THUỐC MỸ HÒA,107, Nguyễn Du, Hải Châu ,Đà Nẵng
NHÀ THUỐC DAPHARCO 24,431, Ông Ích Khiêm , Hải Châu ,Đà Nẵng
NHÀ THUỐC NHÂN HIẾU,, Ông Ích Khiêm , Hải Châu ,Đà Nẵng
NHÀ THUỐC TRUNG TÂM DƯỢC PHẨM,2, Phan Đình Phùng , Hải Châu ,Đà Nẵng
NHÀ THUỐC DAPHARCO 45,570, Trưng Nữ Vương , Hải Châu ,Đà Nẵng
NHÀ THUỐC TRÍ ANH,112, Cách Mạng Tháng 8,Cẩm Lệ ,Đà Nẵng
NHÀ THUỐC CENTERPHARCO 17,422, Tôn Đản ,Cẩm Lệ ,Đà Nẵng
NHÀ THUỐC HỒNG NHUNG,83," Nguyễn Văn Cừ,",Liên Chiểu,Đà Nẵng
NHÀ THUỐC TÂN DUNG PHONG,400, Tôn Đức Thắng,Liên Chiểu,Đà Nẵng
NHÀ THUỐC QUANG MINH,,"Âu Cơ (Chợ hòa khánh,)",Liên Chiểu,Đà Nẵng
NHÀ THUỐC MẠNH,333A,Nguyễn Lương Bằng,Liên Chiểu,Đà Nẵng
NT SỐ 117,11,Ngô Thì Nhậm,Liên Chiểu ,Đà Nẵng
NHÀ THUỐC DAPHARCO 125,, Mỹ Đa Đông 3(Chợ Bắc Mỹ An),Ngũ Hành Sơn,Đà Nẵng
DAPHARCO 141,kios,"chợ hà thân, Đường Triệu Việt Vương",Sơn Trà,Đà Nẵng
NT THANH TÂM,25,Lê Tấn Trung,Sơn Trà,Đà Nẵng
NT SỐ 525,1104,Ngô Quyền ,Sơn Trà,Đà Nẵng
NT DAPHARCO 91,297,Ngô Quyền ,Sơn Trà,Đà Nẵng
NHÀ THUỐC THỊNH ĐỨC XUYẾN ,60, Nguyễn Duy Hiệu,Sơn Trà ,Đà Nẵng
NHÀ THUỐC BẢO ANH,47, Hà Huy Tập,Thanh Khê ,Đà Nẵng
NHÀ THUỐC CẨM SƠN,325/1, Hùng Vương ,Thanh Khê ,Đà Nẵng
NHÀ THUỐC BẢY ĐÀO,193, Ông Ích Đường ,Thanh Khê ,Đà Nẵng
NHÀ THUỐC DAPHARCO 54,122, Ông Ích Khiêm ,Thanh Khê ,Đà Nẵng
NHÀ THUỐC HỒNG ĐỨC,282, Ông Ích Khiêm ,Thanh Khê ,Đà Nẵng
NHÀ THUỐC TRUNG VIỆT,278, Ông Ích Khiêm ,Thanh Khê ,Đà Nẵng
NHÀ THUỐC DAPHARCO 75,864, Tôn Đức Thắng,Thanh Khê ,Đà Nẵng
NHÀ THUỐC HUY HOÀNG,62, Trần Cao Vân,Thanh Khê ,Đà Nẵng
NHÀ THUỐC ĐÔNG GIANG,59,Nguyễn Văn Thoại,Thanh Khê ,Đà Nẵng
NHÀ THUỐC CAO CHÁNH,23, Nguyễn Tất Thành,Dak Mil,Đăk Nông
NHÀ THUỐC SỐ 5,54," Nguyễn Tất Thành, TT Kiến Đức",Đăk R'Lấp,Đăk Nông
NHÀ THUỐC GIA THÀNH,136," Nguyễn Tất thành, TT Kiến Đức",Đăk R'Lấp,Đăk Nông
NHÀ THUỐC ÁNH NGA,,"Thôn 2, Xã Quảng Tín",Đăk R'Lấp,Đăk Nông
NHÀ THUỐC XUÂN THANH,,"Thôn 3, Xã Đăk Sin,",Đăk R'Lấp,Đăk Nông
NHÀ THUỐC SỐ 1,98," Bà triệu, Khối 2",TX Gia Nghĩa,Đăk Nông
NHÀ THUỐC ANH THÀNH,41, Lê Thị Hồng Gấm,TX Gia Nghĩa,Đăk Nông
NHÀ THUỐC PHƯƠNG TRANG,16," Lý Thường Kiệt, chợ Gia Nghĩa",TX Gia Nghĩa,Đăk Nông
NHÀ THUỐC TRƯƠNG ĐỊNH,1,"Trương Định, Chợ Gia Nghĩa, Nghĩa Thành",TX Gia Nghĩa,Đăk Nông
NHÀ THUỐC TIẾN ĐẠT,Kiốt 8a5,Tân Thanh,TP Điện Biên Phủ,Điện Biên
CTY CP DƯỢC PHẨM PHƯƠNG THẢO - NHÀ THUỐC THANH DŨNG,,"Tổ 1, Tân Thanh",TP Điện Biên Phủ,Điện Biên
CTY CP DP PHƯƠNG THẢO - QUẦY THUỐC CÚC PHƯƠNG,,"Tổ 12 Đường Hoàng Công Chất, Noong Bua",TP Điện Biên Phủ,Điện Biên
CTY CP DƯỢC PHẢM HOÀNG LAN - NHÀ THUỐC MINH TÂM,,Tổ 8 Chợ Nam Thanh,TP Điện Biên Phủ,Điện Biên
CTY CP DƯỢC PHẨM HẢI  NAM - QUẦY THUỐC NGỌC HÀ,1070,"Tổ5 Đường Võ Nguyên Giáp, Mường Thanh",TP Điện Biên Phủ,Điện Biên
CTY CP VT Y TẾ  ĐIỆN BIÊN - QUẦY THUỐC SỐ 01,,"Khối trường xuân, TT Tuần giáo",Tuần Giáo,Điện Biên
QUẦY THUỐC 563,2198/17,"Tổ 1, Ấp Phương Mai,Phú Lâm ", Tân Phú,Đồng Nai
QUẦY THUỐC 2124,40,"Tổ 3, Ấp Phương Lâm 1, Xã Phú Lâm", Tân Phú,Đồng Nai
QUẦY THUỐC 384,120,"Tổ 4 ,Ấp Phương Lâm , Xã Phú Lâm", Tân Phú,Đồng Nai
QUẤY THUỐC 564,,"Tổ 7 Ấp 3,Tá Lài, Xã Phú Lập", Tân Phú,Đồng Nai
QUẦY THUỐC TỐ TÂM,80,Tổ11 Khu Phố 5, Tân Phú,Đồng Nai
NHÀ THUỐC KHÔI NGUYÊN,11 Tổ 8,"Ấp Long Đức,Tam Phước",Biên Hòa,Đồng Nai
NHÀ THUỐC NGUYỄN DU,212,"CMT8, Phường Quang Vinh",Biên Hòa,Đồng Nai
NHÀ THUỐC ĐỨC LONG,93/76,Đồng Khởi,Biên Hòa,Đồng Nai
NHÀ THUỐC ĐÔNG HƯNG,177,Đồng Khởi,Biên Hòa,Đồng Nai
NHÀ THUỐC THANH HƯNG,2/6A,Huỳnh Văn Nghệ,Biên Hòa,Đồng Nai
NHÀ THUỐC DÂN AN,1/C2,"KP1, Phường Long Bình Tân",Biên Hòa,Đồng Nai
NHÀ THUỐC SỐ 316B,1/1,"KP1, Phường Tam Hòa",Biên Hòa,Đồng Nai
NHÀ THUỐC PHÒNG KHÁM ĐA KHOA SINH HẬU ,27/13,KP5,Biên Hòa,Đồng Nai
NHÀ THUỐC 1427,76/2,KP5,Biên Hòa,Đồng Nai
NHÀ THUỐC MINH THU,G122/T10,"Kp7 , Phường Long Bình",Biên Hòa,Đồng Nai
NHÀ THUỐC CHÍ SANH ĐƯỜNG,10,Lý Thường Kiệt,Biên Hòa,Đồng Nai
QUẦY THUỐC 101 D1,402,Phạm Văn Thuận,Biên Hòa,Đồng Nai
NHÀ THUỐC MINH TÂM,874,Phạm Văn Thuận,Biên Hòa,Đồng Nai
NHÀ THUỐC NGỌC NGÂN,49,"Phan Chu Trinh, Phường Hòa Bình",Biên Hòa,Đồng Nai
NHÀ THUỐC NGỌC NGUYÊN,101/4,QL  1A,Biên Hòa,Đồng Nai
NHÀ THUỐC NGỌC LINH,177/3,QL 1A,Biên Hòa,Đồng Nai
NHÀ THUỐC VIỆT LINH,106/4,QL 1A,Biên Hòa,Đồng Nai
NHÀ THUỐC NHÂN NGUYÊN ĐƯỜNG,QL56,"Suối Cát-Long Giao, ",Cẫm Mỹ,Đồng Nai
QUẦY THUỐC 1040,1/07/,Ấp 1 Xã Phú Ngọc,Định Quán,Đồng Nai
QUẦY THUỐC 1183 ,8311,"Ấp 2, Xã Phú Ngọc",Định Quán,Đồng Nai
QUẦY THUỐC 1055,5,Ấp Chợ Xã Suối Nho ,Định Quán,Đồng Nai
QUẦY THUỐC VIÊT HƯƠNG,114 khu 4,Phố 114 Xã Gia Canh,Định Quán,Đồng Nai
NHÀ THUỐC MAI NHƯ,,"Đường Hùng Vương, ",Long Khánh,Đồng Nai
NHÀ THUỐC MAI TRÂM,8,"Nguyễn Công Trứ, P.Xuân An, ",Long Khánh,Đồng Nai
QUẦY THUỐC TÂM ĐỨC,20,"Ấp 1c,Phước Thái2",Long Thành,Đồng Nai
QUẦY THUỐC AN LỘC 1426,,"Khu 4, Ấp 8 An Phước2",Long Thành,Đồng Nai
NHÀ THUỐC THANH LIÊM,tổ 32,"Khu Cầu Xéo,TT Long Thành",Long Thành,Đồng Nai
QUẦY THUỐC  LÃO CẦN TẾ 1,516,"Lê Duẩn, TT Long Thành",Long Thành,Đồng Nai
NHÀ THUỐC BÌNH MINH,86/15,"Lê Duẩn, TT Long Thành",Long Thành,Đồng Nai
NHÀ THUỐC DIỄM NGÂN,,Ấp 3 Hiệp Phước,Nhơn Trạch,Đồng Nai
QUẦY THUỐC KIM LY,473 tổ 19,"Ấp Bến Cam,Phước Thiền",Nhơn Trạch,Đồng Nai
QUẦY THUỐC 424,,Chợ Dầu Dây- ,Thống Nhất,Đồng Nai
QUẦY THUỐC THANH MINH,37/1/4,"Quảng Đà, Đông Hòa",Trảng Bom,Đồng Nai
NHÀ THUỐC QUỐC HUY,36B2,Tôn Thất Thuyết,Trảng Bom,Đồng Nai
NHÀ THUỐC NGUYÊN QUANG,123,"Nguyễn Tất Thành, KP5-TT Vĩnh An",Vĩnh Cữu,Đồng Nai
QUẦY THUỐC 808,39A,"Ấp 1,  Thạnh Phú",Vĩnh Cửu,Đồng Nai
QUẦY THUỐC 2237,3226,Suối Cát,Xuân Lộc,Đồng Nai
PHƯỚC THỌ ĐƯỜNG,86 , Chợ Mỹ Hiệp,Cao Lãnh,Đồng Tháp
HIỆP SANH ĐƯỜNG, , Chợ Phong Mỹ,Cao Lãnh,Đồng Tháp
HỒNG PHÁT ĐỪƠNG, , TT Mỹ Thọ,Cao Lãnh,Đồng Tháp
ĐỨC PHÁT ĐƯỜNG, Tổ 11,Ấp 3 Chợ Mới Bình Hàng Tây,Cao Lãnh,Đồng Tháp
NHÀ THUỐC TẤN HƯNG,15 , Cái Tàu Hạ,Châu Thành,Đồng Tháp
NHÀ THUỐC NGỌC MAI,18 , Cái Tàu Hạ,Châu Thành,Đồng Tháp
TẾ LƯƠNG ĐƯỜNG,23 ,Nguyễn Trãi ,Hồng Ngự,Đồng Tháp
TẾ LƯƠNG ĐƯỜNG 3,129 ,Nguyễn Trãi ,Hồng Ngự,Đồng Tháp
NHÀ THUỐC HƯỜNG MAI 1,422 , ,Lai Vung,Đồng Tháp
ÍCH THỌ ĐƯỜNG,601 , Long Thành,Lai Vung,Đồng Tháp
NGƯỠNG NGUYÊN ĐƯỜNG,600 , Long Thành,Lai Vung,Đồng Tháp
VẠN HÒA ĐƯỜNG,605 1-5 , ,Lấp Vò,Đồng Tháp
NHÀ THUỐC QUÃNG THÁI TƯỜNG,467 , Bình Thành,Lấp Vò,Đồng Tháp
NHÀ THUỐC VẠN ĐỨC, ,Nguyễn Huệ ,Sa Đéc,Đồng Tháp
NHÀ THUỐC TRẦN HÀO 1,117 ,Nguyễn Huệ ,Sa Đéc,Đồng Tháp
NHÀ THUỐC MINH PHÚC,46A,Trần Hưng Đạo,Sa Đéc,Đồng Tháp
NHÀ THUỐC VẠN HƯNG, , Nhà Lồng Chợ Tam Nông,Tam Nông,Đồng Tháp
NHÀ THUỐC DƯƠNG ĐÔNG, , TT Tràm Chim,Tam Nông,Đồng Tháp
NHÀ THUỐC TÂN ĐỊNH,713 ,Phú Thọ ,Tân Hồng,Đồng Tháp
TẾ LƯƠNG ĐƯỜNG 2, ,Trần Hưng Đạo ,Tân Hồng,Đồng Tháp
NHƠN HÒA ĐƯỜNG,19-20 ,Chợ Thanh Bình ,Thanh Bình,Đồng Tháp
NHÀ THUỐC HÒA BÌNH, ,Đốc Binh Vàng ,Thanh Bình,Đồng Tháp
NHÀ THUỐC HƯƠNG, , Chợ Trường Xuân,Tháp Mười,Đồng Tháp
THỌ AN ĐƯỜNG 1,5D ,Nguyễn Thị Minh Khai TT Mỹ An,Tháp Mười,Đồng Tháp
THỌ AN ĐƯỜNG 2,khóm 2 ,Nguyễn Văn Tre TT Mỹ An,Tháp Mười,Đồng Tháp
NHÀ THUỐC HỒNG PHƯỚC,108 ,Hùng Vương P2,Tp Cao Lãnh,Đồng Tháp
NHÀ THUỐC THUẬN PHƯỚC,21 ,Nguyễn Du P2,Tp Cao Lãnh,Đồng Tháp
VĨNH ĐỨC ĐƯỜNG,23 ,Nguyễn Du P2,Tp Cao Lãnh,Đồng Tháp
VĨNH HIỆP ĐƯỜNG,50 ,Tháp Mười P2,Tp Cao Lãnh,Đồng Tháp
NHÀ THUỐC QUANG ĐIỂM,,Lô A1-Lê Hồng Phong, Ayun Pa,Gia Lai
QUẦY THUỐC SỐ 91,,"Thôn La Ly, xã La Ly", Chư Pah,Gia Lai
QUẦY THUỐC TIỆN,227,Quang Trung, H. Kbang,Gia Lai
QUẦY THUỐC CÔ TUYẾT,263," Trần Hưng Đạo, TT Mang Yang", H.Mang Yang,Gia Lai
QUẦY THUỐC  VIỆT TRANG,309,Nguyễn huệ .thị trấn đăk đoa,Đăk đoa,Gia Lai
NHÀ THUỐC HỮU THÀNH,214,"Phan Đình Phùng, TT Chư Ty",Đức Cơ,Gia Lai
NHÀ THUÔC TÂM ĐỨC,428,"Quang Trung, TT Chư Ty",Đức Cơ,Gia Lai
NHÀ THUỐC THỤ HÒA,872," Hùng Vương, TT Chư Sê",H.Chư Sê,Gia Lai
NHÀ THUỐC HỒNG ÂN,352," Hùng vương,TT Chư Sê",H.Chư Sê,Gia Lai
NHÀ THUỐC THU BA,,"Lô 2 Chợ Chư Sê, TT Chư Sê",H.Chư Sê,Gia Lai
QUẦY THUỐC TÂN NGỌC,,"Thôn Tân Hiệp, Xã Tân An",Huyện Đăk Pơ,Gia Lai
NHÀ THUỐC BÌNH ,,"Thôn Amaron, Amarong",Huyện Ia Pa,Gia Lai
NHÀ THUỐC HOA,,"Thôn Amaron, Amarong",Huyện Ia Pa,Gia Lai
QUẦY THUỐC  ĐỨC HUY,121,Hùng Vương .thị trấn  iakha,Iagrai,Gia Lai
PHÒNG CHUẨN TRỊ YHCT THÀNH LỢI,385A, Quang Trung ,Thị xã An Khê,Gia Lai
NHÀ THUỐC TRANG,76, Hoàng Văn Thụ,TP Pleiku,Gia Lai
NHÀ THUỐC HOÀNG,70, Hoàng Văn Thụ,TP Pleiku,Gia Lai
NHÀ THUỐC KIM CHI,64, Hoàng Văn Thụ,TP Pleiku,Gia Lai
NHÀ THUỐC TÚ TRINH,244, Lê Duẩn,TP Pleiku,Gia Lai
NHÀ THUỐC KIM PHÁT,36, Nguyễn Thiện Thuật,TP Pleiku,Gia Lai
NHÀ THUÔC MỸ THIỆN,49, Nguyễn Thiện Thuật,TP Pleiku,Gia Lai
NHÀ THUÔC QUANG TRUNG,7, Quang Trung,TP Pleiku,Gia Lai
NHÀ THUỐC ANH HUY,,Lô 43 TTTM,TP Pleiku,Gia Lai
NHÀ THUỐC LÝ,,Lô C Lê Hồng Phong,TP Pleiku,Gia Lai
QUẦY THUỐC SỐ 5,817,Phạm Văn Đồng,TP Pleiku,Gia Lai
QUẦY THUỐC PHƯỚC THIỆN,713A,Quang Trung,TX. An Khê ,Gia Lai
QUẦY THUỐC NGÂN DỰ,451- tổ 4 ,Thị Trấn Việt Quang,Huyện Bắc Quang,Hà Giang
NHÀ THUỐC THU THÙY,Tổ 3,Thị trấn Đồng Văn,Huyện Đồng Văn,Hà Giang
NHÀ THUỐC THANH TÂM,151- tổ 7,Thị Trấn Vị Xuyên,Huyện Vị Xuyên,Hà Giang
NHÀ THUỐC THU THỦY,53B-tổ 10,Đường Nguyễn Thái Học,Phường Minh Khai,Hà Giang
NHÀ THUỐC THẮNG LỢI,185- tổ 17,Đường Trần Phú,Phường Minh Khai,Hà Giang
NHÀ THUỐC BỆNH VIỆN MẮT HÀ GIANG,Số 8,Tổ 7,Phường Minh Khai,Hà Giang
NHÀ THUỐC SƠN TÂN,381 tổ 9,Đường Nguyễn Thái Học,Phường Trần Phú,Hà Giang
NHÀ THUỐC LÀNH QUANG,64B,Bình Tiến-TT Bình Mỹ ,Bình Lục,Hà Nam
NHÀ THUỐC TRẦN XUÂN THỐNG,,Cầu Họ,Bình Lục,Hà Nam
NHÀ THUỐC CÔ THỦY,,Chợ Chủ Ngọc Lũ,Bình Lục,Hà Nam
NHÀ THUỐC THÙY CƯƠNG,83,"Nguyễn Hữu Tiến,TT Đồng Văn ",Duy Tiên,Hà Nam
NHÀ THUỐC CHỊ NHÀI,,Phú Hòa - TT Hòa Mạc,Duy Tiên,Hà Nam
NHÀ THUỐC TRƯƠNG MINH THÌN,,"Thôn Ngọc Động, Hoàng Đông",Duy Tiên,Hà Nam
NHÀ THUỐC CHỊ OANH,,Khả Phong,Kim Bảng,Hà Nam
NHÀ THUỐC CHỊ VÂN,,Ngã 3 Thanh Sơn,Kim Bảng,Hà Nam
NHÀ THUỐC TUYẾT ,,TT Lý Nhân,Lý Nhân,Hà Nam
NHÀ THUỐC SỐ 8,,TT Vĩnh Trụ,Lý Nhân,Hà Nam
NHÀ THUỐC THIÊN HƯƠNG,,"Cổng Bệnh Viện, Trường Trinh, Phủ Lý",Phủ Lý,Hà Nam
NHÀ THUỐC SỐ 3,,Nguyễn Văn Trỗi,Phủ Lý,Hà Nam
NHÀ THUỐC VŨ PHƯƠNG LÂM,,"Chợ Non, Thanh Lưu",Thanh Liêm,Hà Nam
NHÀ THUỐC CHỊ HOÀN,,La Mát - TT Kiện Khê,Thanh Liêm,Hà Nam
QUẦY THUỐC THANH TÂM ,,Kênh Đào,"An Mỹ, Mỹ Đức",Hà Nội
NHÀ THUỐC TUYẾT LAM,1/9,Đào Tấn,Ba Đình,Hà Nội
NHÀ THUỐC HÀN SƠN,46 Ngõ 678,Đê La Thành,Ba Đình,Hà Nội
NHÀ THUỐC NGHĨA HƯNG,145,Đội Cấn,Ba Đình,Hà Nội
NHÀ THUỐC 327,327,Kim Mã,Ba Đình,Hà Nội
NHÀ THUỐC HIỆP OANH,,Ngõ 35 Kim Mã Thượng,Ba Đình,Hà Nội
NHÀ THUỐC GIA ĐÌNH,6,Ngõ 6 Vĩnh Phúc,Ba Đình,Hà Nội
HUỆ HÀ,22,Phúc Xá,Ba Đình,Hà Nội
QUẦY THUỐC LIÊN PHÚC,,Thị trấn Tây Đằng,Ba Vì ,Hà Nội
NHÀ THUỐC MINH THUẬN,,Học Viện Cảnh Sát,Bắc Từ Liêm,Hà Nội
NHÀ THUỐC VÂN HÀ ,475,Phạm Văn Đồng ,Bắc Từ Liêm,Hà Nội
NHÀ THUỐC PHƯƠNG ANH,31/15/117,"Trần Cung, Cổ Nhuế ",Bắc Từ Liêm,Hà Nội
NHÀ THUỐC ĐẠI AN,133,Xuân Đỉnh,Bắc Từ Liêm,Hà Nội
NHÀ THUỐC 48 CẦU GIẤY,48,Cầu Giấy,Cầu Giấy,Hà Nội
NHÀ THUỐC THÀNH CÔNG,47,Nguyễn Thị Định,Cầu Giấy,Hà Nội
NHÀ THUỐC ĐỨC ANH ,29,"Dịch Vọng, Phường Dịch Vong ",Cầu giấy ,Hà Nội
NHÀ THUỐC ĐỨC CƯỜNG ,5A28 ,"Nghĩa Tân, Phường Nghĩa Tân ",Cầu giấy ,Hà Nội
NHÀ THUỐC NGUYỄN THỊ KIM LIÊN ,68,"Trần Bình, Phường Mai Dịch ", Cầu Giấy  ,Hà Nội
NHÀ THUỐC ĐỨC ANH 9,53/110 ,Trần duy hưng ,Cầu giấy ,Hà Nội
NHÀ THUỐC AN BÌNH ,277,"Trung Kính, Phường Yên Hòa ",Cầu giấy ,Hà Nội
QUẦY THUỐC LÀI HUYỀN SỐ 15,80,Tổ 3 - khu Tân Bình - tt Xuân Mai, Chương Mỹ ,Hà Nội
QUẦY THUỐC THANH BÌNH ,,Thôn Chúc Lý xã Ngọc Hòa ,Chương Mỹ ,Hà Nội
NHÀ THUỐC LAN ANH ,,Trường Yên , Chương Mỹ  ,Hà Nội
NHÀ THUỐC HẢI CHIẾN ,132,"Nguyễn Thái Học ,TT Phùng ",Đan Phượng ,Hà Nội
QUẦY THUỐC BÌNH NGUYÊN,,"Đội 7, Thôn Bầu, Xã Kim Chung",Đông Anh,Hà Nội
NHÀ THUỐC LIÊN,32,Tổ 22(Cụn dân cư 16) Lâm Tiến,Đông Anh,Hà Nội
QUẦY THUỐC MINH SƠN ,102,"Ngõ Đìa 5, Xã Nam Hồng ",Đông Anh ,Hà Nội
NHÀ THUỐC SÔNG HỒNG ,35, Láng Hạ,Đống Đa,Hà Nội
NHÀ THUỐC 64 NGÔ SỸ LIÊN,64,Ngô Sỹ Liên,Đống Đa,Hà Nội
NHÀ THUỐC VITAGLOBA,104H2,Thành Công,Đống Đa,Hà Nội
NHÀ THUỐC LONG TÂM ,32,Tôn Thất Tùng,Đống Đa,Hà Nội
NHÀ THUỐC NGHĨA HƯNG ,1,Vĩnh Hồ,Đống Đa,Hà Nội
NHÀ THUỐC TRUNG TÂM ,95,Láng Hạ ,Đống Đa ,Hà Nội
NHÀ THUỐC NGỌC KHUÊ,180G,Nguyễn Lương Bằng ,Đống Đa ,Hà Nội
NHÀ THUỐC TRẦN THANH ,20B7,Phạm Ngọc Thạch ,Đống Đa ,Hà Nội
NTTN 63 QUỐC TỬ GIÁM ,63,Quốc Tử Giám ,Đống Đa ,Hà Nội
NHÀ THUỐC  QUANG DOÃN,333,Văn Chương ,Đống Đa ,Hà Nội
NHÀ THUỐC ĐỖ MINH,226,Hà Huy Tập,Gia Lâm,Hà Nội
NHÀ THUỐC TÙNG ANH ,103,Chiến Thắng , Hà Đông  ,Hà Nội
NHÀ THUỐC CHÂM CHIẾN ,,"Phùng Hưng, Phường Phúc La ",Hà Đông ,Hà Nội
NHÀ THUỐC TƯ NHÂN 10A QUANG TRUNG,10A,Quang Trung,Hà Đông ,Hà Nội
NHÀ THUỐC THANH HÀ ,117,Tô Hiệu ,Hà Đông ,Hà Nội
NHÀ THUỐC PHƯƠNG LÊ ,423,423 Bạch Mai,Hai Bà Trưng ,Hà Nội
NHÀ THUỐC MINH HẠNH ,201,Giải Phóng ,Hai Bà Trưng ,Hà Nội
NHÀ THUỐC TÂM CHÍNH ,23,Lò Đúc ,Hai Bà Trưng ,Hà Nội
NHÀ THUỐC KIM ĐỒNG ,248,Minh Khai,Hai Bà Trưng ,Hà Nội
NHÀ THUỐC NGHĨA HƯNG ,486,Minh Khai,Hai Bà Trưng ,Hà Nội
NHÀ THUỐC NGHĨA HƯNG ,105C8,Quỳnh Mai,Hai Bà Trưng ,Hà Nội
NHÀ THUỐC NGA,492,Trương Định,Hai Bà Trương,Hà Nội
NHÀ THUỐC HOÀNG TÂM,,Ngã tư Trôi,Hoài Đức ,Hà Nội
NHÀ THUỐC HÒA MAI ,18,Hàm Tử Quan ,Hoàn Kiếm ,Hà Nội
NHÀ THUỐC ĐỨC ,91E,Hàng Mã,Hoàn Kiếm ,Hà Nội
NHÀ THUỐC QUANG LINH ,35,Nguyên Siêu ,Hoàn Kiếm ,Hà Nội
NHÀ THUỐC VIỆT ĐỨC 2,89,Phủ Doãn ,Hoàn Kiếm ,Hà Nội
NHÀ THUỐC MINH CHÍNH ,42,Quang Trung,Hoàn Kiếm ,Hà Nội
NHÀ THUỐC NAM ANH ,3D,Trần Hưng Đạo ,Hoàn Kiếm ,Hà Nội
NHÀ THUỐC HỒNG ĐẠT,194,Đại Từ,Hoàng Mai,Hà Nội
NHÀ THUỐC THÀNH CÔNG,18,Định Công thượng,Hoàng Mai,Hà Nội
NHÀ THUỐC TƯ NHÂN,112,Giáp Bát,Hoàng Mai,Hà Nội
NHÀ THUỐC CƯỜNG THOA ,D6 Lô 12,KĐT Định Công,Hoàng Mai,Hà Nội
NHÀ THUỐC BẢO LAN,378,Lĩnh Nam,Hoàng Mai,Hà Nội
NHÀ THUỐC VIỆT LƯƠNG,Ki ốt 5,Lô 1 KĐT Pháp Vân,Hoàng Mai,Hà Nội
NHÀ THUỐC XUYẾN,149,Nguyễn Đức Cảnh,Hoàng Mai,Hà Nội
NHÀ THUỐC QUANG ANH,59/528,Ngô Gia Tự,Long Biên,Hà Nội
NHÀ THUỐC PHÚC HẢI,163,Ngọc Lâm,Long Biên,Hà Nội
NHÀ THUỐC CHƯƠNG DƯƠNG,245,Nguyễn Văn Cừ,Long Biên,Hà Nội
NHÀ THUỐC HƯNG NHUNG,37,Sài Đồng,Long Biên,Hà Nội
NHÀ THUỐC CHÚC HOÀ,1,Trường Lâm,Long Biên,Hà Nội
QUẦY THUỐC HÀ LIÊN,,Xóm  Chợ Xã Mê Linh,Mê Linh,Hà Nội
QUẦY THUỐC HẰNG QUANG,,"Xóm Hồ, Xã Tiền Phong",Mê Linh,Hà Nội
QUẦY THUỐC ÚT THƯƠNG,,Thôn 2 Thạch Đà,Mê Linh ,Hà Nội
QUẦY THUỐC GPP SỐ 13,,"Đục Khê, Hương Sơn",Mỹ Đức ,Hà Nội
QUẦY THUỐC SỐ 8,,"Thôn Vài , Xã Hợp Thanh, Mỹ Đức , Hà Nội",Mỹ Đức ,Hà Nội
NHÀ THUỐC MINH TRANG ,2,"Ngõ 67, Phùng Khoang ",Nam Từ Liêm ,Hà Nội
QUẦY THUỐC GPP SỐ 2,,"Phố Guộc, Phúc Tiến",Phú Xuyên,Hà Nội
NHÀ THUỐC LỘC BÌNH ,,Ngã tư Gạch,"Phúc Thọ , Sơn Tây ",Hà Nội
QUẦY THUỐC DUY LƯƠNG,,Phố Chợ ,"Quảng Bị, Chúc Sơn, Chương Mỹ ",Hà Nội
QUẦY THUỐC SỐ 1 ,,Chợ Bương- Cấn Hữu, Quốc Oai  ,Hà Nội
QUẦY THUỐC THẢO VÂN ,,Long Phú - Hòa Thạch, Quốc Oai  ,Hà Nội
NHÀ THUỐC THANH HUYỀN ,3,"Phố Mới ,TT Quốc Oai, Hà Tây 3", Quốc Oai  ,Hà Nội
QUẦY THUỐC NGUYỄN CƯỜNG,,"Chợ Cầu Xây, Xã Tân Dân",Sóc Sơn,Hà Nội
QUẦY THUỐC LOAN KHẢI,,Miếu thờ Tiên Dược,Sóc Sơn,Hà Nội
QUẦY THUỐC GIA ĐÌNH,79 A,Đường 3 - Phù Lỗ ,Sóc Sơn ,Hà Nội
NHÀ THUỐC PHÚ HẠNH,33,"Chùa Thông, Phường Sơn Lộc",Sơn Tây ,Hà Nội
NHÀ THUỐC MAI ANH,,"Kim Tân , Kim Sơn ",Sơn Tây ,Hà Nội
NHÀ THUỐC HÒA VÂN ,212,"Lê Lợi, p Lê Lợi",Sơn Tây ,Hà Nội
QUẦY THUỐC GPP 21,,"Tổ 11, Tân Hội ",Tân Lập ,Hà Nội
QUẦY THUỐC GPP 21,,"Tổ 11, Tân Hội ",Tân Lập ,Hà Nội
QUẦY THUỐC GPP,,Thị Trấn Liên Quan,Thạch Thất,Hà Nội
NHÀ THUỐC CHỊ PHƯỢNG,,Chợ Tràng Sơn , Thạch Thất  ,Hà Nội
NHÀ THUỐC MỸ LỆ ,,"Ngã ba Hòa Lạc, Bình Yên", Thạch Thất  ,Hà Nội
QUẦY THUỐC THANH HUYỀN ,230,Thượng Thanh ,"Thanh Cao , Thanh Oai ",Hà Nội
QUẦY THUỐC GPP 08,8,Thị Trấn Kim Bài,Thanh Oai ,Hà Nội
QUẦY THUỐC LINH GIANG,,Ngã 2 Ngọc Hồi,Thanh Trì,Hà Nội
QUẦY THUỐC HỒNG ĐIỆP,4 dãy b1 tập thể pin văn điển,Ngõ 70 Phan Trọng Tuệ ,Thanh Trì,Hà Nội
NHÀ THUỐC QUỲNH MAI ,205,Hoàng Văn Thái ,Thanh Xuân,Hà Nội
NHÀ THUỐC NGỌC LÝ ,328,Đường Mỹ Đình,Thanh Xuân ,Hà Nội
NHÀ THUỐC HỮU NGHỊ ,174,Hạ Đình,Thanh Xuân ,Hà Nội
NHÀ THUỐC MINH THANH ,236,Khương Đình ,Thanh Xuân ,Hà Nội
NHÀ THUỐC TUỆ MINH ,278,Khương Trung,Thanh Xuân ,Hà Nội
NHÀ THUỐC MINH HẢO ,3,Nguyễn Quý Đức,Thanh Xuân ,Hà Nội
NHÀ THUỐC TƯ NHÂN ,129B,Nguyễn Trãi ,Thanh Xuân ,Hà Nội
NHÀ THUỐC HẢI ĐĂNG ,142,Vũ Trọng Phụng,Thanh Xuân ,Hà Nội
QUẦY THUỐC DUNG THỊNH ,99 Tổ 6,,Thị Trấn Đông Anh ,Hà Nội
QUẦY THUỐC TUẤN OANH,59,Chợ Đỗ Xá,Thường Tín,Hà Nội
QUẦY THUỐC SỐ 8,,"Đội 3, Thôn Tử Dương, Tô Hiệu",Thường Tín,Hà Nội
QUẦY THUỐC GPP SỐ 17,,Thôn Vĩnh Lộc - xã Thư Phú,Thường Tín,Hà Nội
NHÀ THUỐC THANH BÌNH,282,Trần Phú,Thường Tín,Hà Nội
QUẦY THUỐC HỒNG VÂN ,60,Dốc bệnh viện Vân Đình,Ứng Hòa ,Hà Nội
NHÀ THUỐC HƯNG NGUYÊN,27,Hoàng Tăng Bí,Xuân Đỉnh,Hà Nội
QUẦY THUỐC NGUYỄN THỊ THỦY,,QL 1A - Cẩm Lộc ,Cẩm Xuyên ,Hà Tĩnh
NHÀ THUỐC NGUYỄN THỊ TÚ,,Cổng BV ĐK Can Lộc ,Can Lộc ,Hà Tĩnh
NHÀ THUỐC ĐƯỜNG THƯỞNG,,Đường 8 Việt Lào  ,Đức Thọ ,Hà Tĩnh
QUẦY THUỐC NGUYỄN THỊ DANH,,Cổng bệnh viện đa khoa Huyện Hương Khê,Hương Khê,Hà Tĩnh
NHÀ THUỐC CÙ THỊ PHƯỢNG,,Cổng Chợ Phố Châu ,Hương Sơn ,Hà Tĩnh
NHÀ THUỐC HIỆP THẢO,,Chợ Bình Lộc ,Lộc Hà,Hà Tĩnh
QUẦY THUỐC THỦY HÀ,,Đối Diện BV Thạch Hà,Thạch Hà,Hà Tĩnh
QUẦY THUỐC NGUYỄN THỊ THU,248, Trần Phú ,Thị Trấn Hương Khê,Hà Tĩnh
NHÀ THUỐC ĐỒNG THỊ DIỆU KHUÊ,,Chợ Hồng Lĩnh ,Thị Xã Hồng Lĩnh,Hà Tĩnh
CHI NHÁNH DƯỢC KỲ ANH,,Tiểu Khu 7 ,Thị Xã Kỳ Anh,Hà Tĩnh
CÔNG TY CỔ PHẦN DƯỢC KỲ ANH,,Tiểu Khu 7 ,Thị Xã Kỳ Anh,Hà Tĩnh
NHÀ THUỐC SỐ 1 TIẾN LĨNH,,Tiểu Khu 7 ,Thị Xã Kỳ Anh,Hà Tĩnh
QUẦY BÁN THUỐC CHỮA BỆNH SỐ 11,28,Nguyễn Công Trứ - Phường Nam Hà,TP Hà Tĩnh,Hà Tĩnh
NHÀ THUỐC NGUYỄN THỊ LÀNH,33, Đặng Dung ,Tp Hà Tỉnh,Hà Tĩnh
CTY CỔ PHẦN DƯỢC PHẨM LIÊN HOA,141, Nguyễn Công Trứ,Tp Hà Tỉnh,Hà Tĩnh
NHÀ THUỐC HỒ THỊ ANH TUYẾT,,Cổng BV Đa Khoa Hà Tĩnh ,Tp Hà Tỉnh,Hà Tĩnh
QUẦY THUỐC SỐ 34,34,Hải Thượng Lãn Ông ,Tp Hà Tỉnh,Hà Tĩnh
NHÀ THUỐC HOÀNG LỆ AN,,Đường Trần Phú - Đối Diện BV ĐK Hồng Lĩnh,TX Hồng Lĩnh ,Hà Tĩnh
QUẦY THUỐC SỐ 2,50,Dốc Ngựa," Xã Cộng Hòa, Huyện Kinh Môn",Hải Dương
NHÀ THUỐC ÁNH NGUYỆT, 315A ,Nguyễn Trãi,"Phường Sao Đỏ, TX Chí Linh, Huyện Chí Linh",Hải Dương
QUẦY THUỐC SỐ 17 ,,Chợ Hui,"Phường Thạch Khôi, TP Hải Dương",Hải Dương
NHÀ THUỐC THÁI BÌNH,221,Nguyễn Lương Bằng,"Phường Thanh Bình, TP Hải Dương",Hải Dương
NHÀ THUỐC SƠN HẢI,2,Nguyễn Văn Linh,"Phường Thanh Bình, TP Hải Dương",Hải Dương
QUẦY THUỐC SỐ 41,8,Lý Thường Kiệt,"Phường Trần Phú, TP Hải Dương",Hải Dương
QUẦY THUỐC THU GĂNG,242,Trần Hưng Đạo,"Thị Trấn  Kẻ Sặt, Huyện Bình Giang",Hải Dương
QUẦY THUỐC SỐ 12 ,108,Trần Hưng Đạo,"Thị Trấn  Ninh Giang, Huyện Ninh Giang",Hải Dương
QUẦY THUỐC DUẪN DUYÊN,29,Độc Lập,"Thị Trấn Cẩm Giàng, Huyện Cẩm Giàng",Hải Dương
QUẦY THUỐC SỐ 2 ,166,Nguyễn Chế Nghĩa,"Thị Trấn Gia Lộc, Gia Lộc",Hải Dương
QUẦY THUỐC MAI HƯƠNG,117,Đường 20-9,"Thị Trấn Kim Thành, Huyện Kim Thành",Hải Dương
QUẦY THUỐC UYÊN HƯƠNG,,Chợ Neo,"Thị Trấn Thanh Miện, Huyện Thanh Miện",Hải Dương
QUẦY THUỐC SỐ 8,356,Đường 391,"Thị Trấn Tứ Kỳ, Huyện Tứ Kỳ",Hải Dương
QUẦY THUỐC SỐ 2,,Thị Tứ Phủ,"Xã Thái Học, Huyện Bình Giang",Hải Dương
QUẦY THUỐC SỐ 7,,Chợ Hệ,"Xã Thanh Bính, Huyện Thanh Hà",Hải Dương
QUẦY SỐ 37 ,243B ,Lạch Tray," Phường Đằng Giang, Quận Ngô Quyền",Hải Phòng
NHÀ THUỐC AN ĐỨC AN,69,"Thọ Xuân,"," Thị Trấn  Núi Đối, Huyện  Kiến Thụy",Hải Phòng
QUẦY SỐ 271,169, Cát Bi,"Phường Cát Bi, Quận Hải An",Hải Phòng
NHÀ THUỐC TRANG,303,Hai Bà Trưng,"Phường Cát Dài, Quận Lê Chân",Hải Phòng
QUẦY SỐ 47,482,Phủ Thượng Đoạn,"Phường Đông Hải 1, Quận Hải An",Hải Phòng
QUẦY SỐ 92,33C,Đông khê ,"Phường Đông Khê, Quận  Ngô Quyền",Hải Phòng
NHÀ THUỐC TỐT VÀ SỨC KHỎE,21,Nguyễn Bình,"Phường Đổng Quốc Bình, Quận Ngô Quyền",Hải Phòng
NHÀ THUỐC TRƯỜNG PHÚC,6, Nguyễn Công Trứ,"Phường Hàng Kênh, Quận Lê Chân",Hải Phòng
QUẦY SỐ 103,83, Hàng Kênh,"Phường Hàng Kênh, Quận Lê Chân,HP",Hải Phòng
QUẦY SỐ 36,14, Điện Biên Phủ,"Phường Máy Tơ, Quận Ngô Quyền",Hải Phòng
NHÀ THUỐC KIM THOA,23,Lê Lợi,"Phường Máy Tơ, Quận Ngô Quyền",Hải Phòng
NHÀ THUỐC  PHƯƠNG NGA,2,Tôn Thất Thuyết,"Phường Phan Bội Châu, Quận Hồng Bàng",Hải Phòng
QUẦY SỐ 22,39B, Quán Toan,"Phường Quán Toan, Quận Hồng Bàng",Hải Phòng
NHÀ THUỐC VŨ TÂN,846,Trường Chinh,"Phường Quán Trữ, Quận Kiến An",Hải Phòng
QUẦY SỐ  150,37, Hàm Nghi ,"Phường Trại Chuối, Quận Hồng Bàng",Hải Phòng
NHÀ THUỐC THANH GIANG,53,Tôn Đức Thắng,"Phường Trần Nguyên Hãn, Quận Lê Chân",Hải Phòng
QUẦY THUỐC HOÀNG VĂN CẨN,258,Trần Thành Ngọ,"Phường Trần Thành Ngọ, Quận Kiến An,",Hải Phòng
QUẦY THUỐC TRƯỜNG TÂM,22,tổ 1,"Thị Trấn An Dương, Huyện An Dương",Hải Phòng
NHÀ THUỐC PHÚ VINH,99, Bạch Đằng,"Thị Trấn Núi Đèo, Huyện Thủy Nguyên",Hải Phòng
QUẦY THUỐC PHƯƠNG HOÀN,103,Đông Thái,"Thị Trấn Vĩnh Bảo, Huyện Vĩnh Bảo",Hải Phòng
ĐẠI LÝ THUỐC TÂN DƯỢC,182,Tân Hòa,"Thị Trấn Vĩnh Bảo, Huyện Vĩnh Bảo",Hải Phòng
QUẦY THUỐC NGA CHI,287B,Tôn Đức Thắng,"Xã An Đồng, Huyện An Dương",Hải Phòng
QUẦY THUỐC MÝ CA,,Thôn Lê Sáng,"Xã An Hồng, Huyện An Dương",Hải Phòng
NHÀ THUỐC LÊ NGA,, Đường 351,"Xã Thủy Sơn, Huyện Thủy Nguyên",Hải Phòng
QUẦY THUỐC HẰNG HOA,,Chợ Hòa Bình,"Xã Tiên Cường , Huyện Tiên Lãng",Hải Phòng
NHÀ THUỐC TÂN HIỆP HƯNG,345,Trần Hưng Đạo,TP. Vị Thanh,Hậu Giang
NHÀ THUỐC VẠN PHƯỚC VINH,239,30/4,TX. Long Mỹ,Hậu Giang
NHÀ THUỐC TRƯỜNG THỌ ĐƯỜNG,161,Lê Lợi,TX. Ngã 7,Hậu Giang
NHÀ THUỐC DI THÁI HÒA,114,Lý Thường Kiệt,TX. Ngã 7,Hậu Giang
NHÀ THUỐC MỸ DUYÊN,,"Tiểu Khu 8, Thị Trấn Lương Sơn",Lương Sơn,Hòa Bình
CTY TNHH AN TRƯỜNG - QUẦY THUỐC CHÚC DẦN,44,"Tiểu Khu 2, Thị Trấn Mai Châu",Mai Châu,Hòa Bình
NHÀ THUỐC NGUYỄN THỊ HOÀN,,"Xóm Định, Xã Mạn Đức",Tân Lạc,Hòa Bình
NHÀ THUỐC KIM KHÁNH,240,"Đường Thịnh Lang, Phường Tân Thịnh",TP Hòa Bình,Hòa Bình
NHÀ THUỐC TÂY BẮC,64,"Tổ 1A, Phường Tân Thịnh",TP Hòa Bình,Hòa Bình
CTY TNHH AN TRƯỜNG - NHÀ THUỐC  AN TRƯỜNG 1,463,"Tổ 25, Phường Phương Lâm",TP Hòa Bình,Hòa Bình
NHÀ THUỐC QUANG CHÍNH,58,"Tổ 31, Phường Phương Lâm",TP Hòa Bình,Hòa Bình
CÔNG TY DƯỢC PHẨM VÂN SƠN,39,"Bùi Thị Cúc, TT Ân Thi",Ân Thi,Hưng Yên
QUẦY THUỐC ĐẶNG THỊ HUỆ,,"Chợ Đìa, Đặng Lễ",Ân Thi,Hưng Yên
QUẦY THUỐC PHƯƠNG ANH,,"Chợ Thiết Tru, Bình Minh",Huyện Khoái Châu,Hưng Yên
QUẦY THUỐC LÊ THỊ NHUNG,,Đối diện cổng viện Khoái Châu,Khoái Châu,Hưng Yên
QUẦY THUỐC CHỊ HƯỜNG,72,Phố Bần,Mỹ Hào,Hưng Yên
QUẦY THUỐC CHỊ GIANG,,"Phố Thứa, Dị Sử",Mỹ Hào,Hưng Yên
QUẦY THUỐC HÙNG LAN,06K2,"Phố Cao, Thị trấn Cao, Phủ Cừ",Phủ Cừ,Hưng Yên
QUẦY THUỐC KIM DUNG,207,Thị trấn Yên Mỹ,Thị trấn Yên Mỹ,Hưng Yên
QUẦY THUỐC NGUYỄN THỊ THANH THỦY,,"'TT Vương,",Tiên Lữ,Hưng Yên
CÔNG TY TIẾN TÀI,,Bái Khê - Dốc Lã,TP Hưng Yên,Hưng Yên
NHÀ THUỐC MINH THÚY,97,Hải Thượng Lãn Ông,TP Hưng Yên,Hưng Yên
QUẦY THUỐC TRẦN THỊ VÂN,8,Ngõ Chợ Phố Hiến,TP Hưng Yên,Hưng Yên
QUẦY THUỐC NGUYỄN MINH HUỆ,,Chợ Cử Cao,Văn Giang,Hưng Yên
QUẦY THUỐC CHỊ LĨNH,,Trung Tâm TT Như Quỳnh,Văn Lâm,Hưng Yên
HIỆU THUỐC CHỊ VÂN,,Từ Hồ - Yên Mỹ,Yên Mỹ,Hưng Yên
NHÀ THUỐC ÍCH THỌ ĐƯỜNG,,"KP1, TT. Thứ 11",An Minh,Kiên Giang
NHÀ THUỐC TRƯỜNG THỌ ĐƯỜNG,,"KV2, TT. Thứ 11",An Minh,Kiên Giang
QUẦY THUỐC ĐÔNG HUÊ,687,"KP Minh An, TT, Minh Lương",Châu Thành,Kiên Giang
NHÀ THUỐC KIỀU XUÂN,682,"KP Minh An, TT, Minh Lương",Châu Thành,Kiên Giang
NHÀ THUỐC TRƯỜNG THỌ ĐƯỜNG,44,"Tạ Quang Tỷ, TTTM TT. Gò Quao",Gò Quao,Kiên Giang
NHÀ THUỐC TẾ SANH ĐƯỜNG,162,"Ấp Sở Tại,Xã Bàn Tân Định",Huyện Giồng Riềng,Kiên Giang
NHÀ THUỐC ĐỨC MẬU,58,Khu Nội ô,Huyện Giồng Riềng,Kiên Giang
QUẦY THUỐC HUỲNH PHẾN,11,Khu Nội ô,Huyện Giồng Riềng,Kiên Giang
NHÀ THUỐC NGÔ KIM NGÔI,Tồ 2,"Ấp Thuận Tiến,Xã Bình Sơn",Huyện Hòn Đất,Kiên Giang
QUẦY THUỐC HOA NGA,40,Ấp Tri Tôn,Huyện Hòn Đất,Kiên Giang
QUẦY THUỐC PHƯƠNG NGA,,Chợ Vàm Rầy,Huyện Hòn Đất,Kiên Giang
NHÀ THUỐC QUANG MINH,71,Bà Huyện Thanh Quan,TP. Rạch Giá,Kiên Giang
NHÀ THUỐC HOA LAN,Lô 1A- 1B,Chợ Rạch Sỏi,TP. Rạch Giá,Kiên Giang
QUẦY THUỐC HUỲNH DAO,Lô A1-05,Chợ Xã Phi Thông,TP. Rạch Giá,Kiên Giang
NHÀ THUỐC NHƠN DÂN,49,Duy Tân,TP. Rạch Giá,Kiên Giang
NHÀ THUỐC TÂN ĐẠI PHONG,1,Hoàng Diệu,TP. Rạch Giá,Kiên Giang
NHÀ THUỐC ĐỨC HƯNG,217,Nguyễn Chí Thanh,TP. Rạch Giá,Kiên Giang
NHÀ THUỐC THỦY,1,"Chợ Rạch Sỏi, Phường Rạch Sỏi",TP. Rạch Gía,Kiên Giang
NHÀ THUỐC TÙNG NHƯ,54,"Lý Thường Kiệt, Phường Vĩnh Thanh",TP. Rạch Gía,Kiên Giang
NHÀ THUỐC TÂN ĐẠI PHONG 2,209,"Nguyễn Bỉnh Khiêm, Phường Vĩnh Thanh",TP. Rạch Gía,Kiên Giang
NHÀ THUỐC VINH HÒA ĐƯỜNG,,Ấp Tri Tôn,TT. Hòn Đất,Kiên Giang
NHÀ THUỐC VẠN PHÚC ĐƯỜNG,79,QL 80,TT. Hòn Đất,Kiên Giang
QUẦY THUỐC MINH ĐƯỜNG,173-174, Ấp Vĩnh Phước 2,Vĩnh Thuận,Kiên Giang
QUẦY THUỐC CẦN THÀNH,67, Ấp Vĩnh Phước 2,Vĩnh Thuận,Kiên Giang
QUẦY THUỐC NAM NHI,1864, Ấp Vĩnh Phước 2,Vĩnh Thuận,Kiên Giang
QUẦY TÂY LUYỆN,38,Chu Văn An,Đăk Hà,Kon Tum
QUẦY 15,44,Đường 24/4,Đăk Hà,Kon Tum
GIA NGUYÊN,135,Hùng Vương,Đăk Hà,Kon Tum
QUẦY 26,856,Hùng Vương,Ngọc Hồi,Kon Tum
QUẦY QUỐC HÙNG,77,Hùng Vương,Ngọc Hồi,Kon Tum
QUẦY THUỐC 02,155,Bà Triệu,Phường Quang Trung,Kon Tum
NHÀ THUỐC THAO NGUYÊN,1025,Đường Phan Đình Phùng,Phường Quyết Thắng,Kon Tum
QUẦY THUỐC SỐ 1 NGUYỄN THỊ PHƯƠNG,,"Mường So, Phong thổ",Phong Thổ,Lai Châu
QUẦY THUỐC LƯƠNG THỊ HUYỀN,,"Khu 32, Tân Uyên",Tân Uyên,Lai Châu
CÔNG TY DƯỢC PHẨM QUYẾT TIẾN,,"Khu 3, Than uyên",Than Uyên,Lai Châu
NHÀ THUỐC ANH THƯ,83,"Đường 30/4, Đông phong",TP Lai Châu,Lai Châu
NHÀ THUỐC QUỲNH TRANG,175,"Ngô Quyền, Đoàn kết",TP Lai Châu,Lai Châu
NHÀ THUỐC ĐỨC PHONG,284,"Trần Hưng Đạo, Đoàn kết",TP Lai Châu,Lai Châu
QUẦY SỐ 2 - CTY DƯỢC HOA HỒNG,162,"Trần Phú, Tân phong",TP Lai Châu,Lai Châu
NHÀ THUỐC SỐ 1,Tổ 7,"Khu 2, Lộc Thắng",Bảo Lâm,Lâm Đồng
NHÀ THUỐC CÔ LIÊN,,"Thôn 2,Lộc Nam",Bảo Lâm,Lâm Đồng
NHÀ THUỐC CẢNH TOÀN,18,"Trần Phú, Lộc Thắng2",Bảo Lâm,Lâm Đồng
NHÀ THUỐC ĐÀ LẠT,5,"Đường 3/2, P1",Đà Lạt ,Lâm Đồng
NHÀ THUỐC NHÂN HÒA 1,10,Nguyễn Thị Minh Khai,Đà Lạt ,Lâm Đồng
NHÀ THUỐC NGỌC DUNG,Lô A2 ,Quang Trung,Đà Lạt ,Lâm Đồng
NHÀ TTHUỐC KIM THÁI,2,Quang Trung,Đà Lạt ,Lâm Đồng
NHÀ THUỐC MINH ĐỨC,18,"Thôn 2,. Hòa Ninh",Di Linh,Lâm Đồng
NHÀ THUỐC THANH MỸ,301,Đường 2/4,Đơn Dương,Lâm Đồng
NHÀ THUỐC TUNG NGHĨA,Lô Số 7,"Duy Tân, Liên Nghĩa",Đức Trọng,Lâm Đồng
NHÀ THUỐC ĐỨC NGHĨA,52-54,Hải Thượng Lãn Ông ,Đức Trọng,Lâm Đồng
NHÀ THUỐC LIÊN KHƯƠNG,98A ,"QL 20,Liên Nghĩa",Đức Trọng,Lâm Đồng
NHÀ THUỐC TRỌNG NGHĨA,,Trần Hưng Đạo,Đức Trọng,Lâm Đồng
NHÀ THUỐC NHƠN HÒA,704,Hùng Vương,Lâm Hà,Lâm Đồng
NHÀ THUỐC THIÊN ÂN,2/5,Lê Hồng Phong,P1- TP Bảo Lộc,Lâm Đồng
NHÀ THUỐC TẾ DÂN,125,Phan Bội Châu,P1- TP Bảo Lộc,Lâm Đồng
NHÀ THUỐC XUÂN PHƯƠNG,128,Nguyễn Thái Hoc,Thị Trấn Di linh,Lâm Đồng
NHÀ THUỐC THANH ĐÀO,395,"Trần Phú, Lộc Châu",TP Bảo Lộc,Lâm Đồng
HIỆU THUỐC SỐ 39 CHI LĂNG,,Khu Hòa Bình 1 Thị trấn Đồng Mỏ,Huyện Chi Lăng,Lạng Sơn
QUẦY THUỐC SỐ 2,46,Khu 4 Thị trấn Na Dương,Huyện Lộc Bình,Lạng Sơn
NHÀ THUỐC XUÂN AN,156,Phố Bờ Sông TT Lộc Bình,Huyện Lộc Bình,Lạng Sơn
NHÀ THUỐC THANH HƯỜNG,142A,Đường Trần Quang Khải,Phường Chi Lăng,Lạng Sơn
NHÀ THUỐC GIA HUY,118,Đường Phai Vệ,Phường Đông Kinh,Lạng Sơn
NHÀ THUỐC HUY ĐỊNH,58,Đường Trần Đăng Ninh,Phường Hoàng Văn Thụ,Lạng Sơn
NHÀ THUỐC THÀNH CÔNG,115,Lê Hồng Phong,Phường Tam Thanh,Lạng sơn
NHÀ THUỐC KIM LIÊN,314G,Đường Bà Triệu,Phường Vĩnh Trại,Lạng Sơn
NHÀ THUỐC TRẦN THỊ NGOAN,,Ngã tư Tô Hiệu,Thị trấn Bình Gia,Lạng Sơn
NHÀ THUỐC VĂN TRƯỜNG,155,Tổ 1 Khối 6,Thị trấn Cao Lộc,Lạng Sơn
QUẦY THUỐC MAI ANH,,Cốc Nam,Thị trấn Văn Lãng,Lạng Sơn
NHÀ THUỐC TUẤN MƠ,50,Phố Đức Tâm II,Thị trấn Văn Quan,Lạng Sơn
CTY MINH PHÚ THÀNH-  QUẦY THUỐC SỐ 69,054, Lê Hồng Phong,Bảo Thắng,Lào Cai
NHÀ THUỐC LÊ VĂN NHẤT,25,Đường Hoàng Liên,Cốc Lếu,Lào Cai
NHÀ THUỐC NGỌC LAN,148,Hàm Nghi,Kim Tân,Lào Cai
NHÀ THUỐC MINH PHÚ THÀNH,37,Ngô Quyền,Kim Tân,Lào Cai
NHÀ THUỐC TRƯỜNG MINH,73B,Nguyễn Du,Kim Tân,Lào Cai
CTY MINH PHÚ THÀNH-  QUẦY THUỐC SỐ 01,109,Hoàng Sào,Phố Lu,Lào Cai
NHÀ THUỐC NGUYỄN THU HƯƠNG,1A, Chợ Cam Đường,Pom Hán,Lào Cai
CTY TNHH MTV Minh Phú Thành - Quầy Thuốc Số 3,,Tổ 13 - Đường Chiềng On - P. Bình Minh,TP Laào cai,Lào Cai
NGUYỄN VĂN SẢNH,200 ,Thanh Tâm Thanh Phú Long,Châu Thành,Long An
TẾ LƯƠNG ĐƯỜNG,15 KP1,Hùng Vương TX . Kiến Tường,H. Mộc Hóa,Long An
NHÀ THUỐC KIỀU TRINH, KP1,Hùng Vương TX . Kiến Tường,H. Mộc Hóa,Long An
NHÀ THUỐC MAI TRANG,53 ,Lý Thường Kiệt TX . Kiến Tường,H. Mộc Hóa,Long An
NHÀ THUỐC BẠCH YẾN 19, ,Phan Châu trinh TT.Tân Hưng,H. Tân Hưng ,Long An
QUẦY THUỐC SỐ 7, ,Chợ Mới tân Thạnh TT. Tân Thạnh,H. Tân Thạnh,Long An
NHÀ THUỐC KIẾN BÌNH, ,Chợ Tân Thạnh TT. Tân Thạnh,H. Tân Thạnh,Long An
NHÀ THUỐC MAI CHIÊU, ,Chợ Thạnh Hóa TT. Thạnh Hóa,H. Thạnh Hóa,Long An
HỒNG PHÁT ĐƯỜNG, ,Chợ Thạnh Hóa TT. Thạnh Hóa,H. Thạnh Hóa,Long An
QUẦY THUỐC SỐ 19, ,Cổng Chợ Bách Hóa  TT. Vĩnh Hưng,H. Vĩnh Hưng,Long An
NHÀ THUỐC BÁC ÁI,143-145 ,Nguyễn Hữu Thọ Thị Trấn Bến Lức,Huyện Bến Lức,Long An
QUẦY THUỐC SỐ 14,88/3 ,Nguyễn Trung Trực Thị Trấn Bến Lức,Huyện Bến Lức,Long An
NHÀ THUỐC HOÀNG MINH,92 ,Ấp Minh Thiện Xã Long Trạch,Huyện Cần Đước,Long An
NHÀ THUỐC NGUYỆT BÌNH,40Đ ,QL 50 Ấp Chợ Trạm Xã Mỹ Lệ,Huyện Cần Đước,Long An
NHÀ THUỐC KHẮC MINH,7B Khu A,a,Huyện Đức Hòa,Long An
PHƯỚC AN ĐƯỜNG,106 ,Ấp Bình Thủy Xã Hòa Khánh Đông,Huyện Đức Hòa,Long An
THIÊN PHƯỚC ĐƯỜNG,9C Khu Vực 3,Đường Chợ Thị Trấn Đức Hòa,Huyện Đức Hòa,Long An
DI HÒA ĐƯỜNG,D131 Khu Vực 4,Đường Chợ Thị Trấn Hiệp Hòa,Huyện Đức Hòa,Long An
VẠN AN HÒA,"90 Ô 3, Khu A",Huỳnh Công Thân Thị Trấn Hậu Nghĩa,Huyện Đức Hòa,Long An
NGUYỄN VĂN THẢO,100 ,TL 823 Xã Đức Lập Thượng,Huyện Đức Hòa,Long An
NHÀ THUỐC BẠCH YẾN,171 ,Hùng Vương P2,Tân An,Long An
PHƯỚC AN HÒA,62 ,Nguyễn Trung Trực P1,Tân An,Long An
BÙI ĐỨC NIỀM,101C ,Nguyễn Trung Trực P1,Tân An,Long An
QUẦY THUỐC SỐ 03, ,Trương Định P1,Tân An,Long An
VẠN ĐỨC ĐƯỜNG, , TT.Tân Trụ,Tân Trụ,Long An
NHÀ THUỐC HỒ PHƯỚC TIM,368 ,5 Lạc Tấn,Tân Trụ,Long An
NHÀ THUỐC ĐIỀN PHÁT,33 ,Nguyễn Trưng Trắc TT.Thủ Thừa,Thủ Thừa,Long An
THIÊN SANH ĐƯỜNG,51 ,Trương Công Định TT.Thủ Thừa,Thủ Thừa,Long An
NHÀ THUỐC THỦY KHÁNH,,Cổng BV Giao Thủy,Giao Thủy,Nam Định
NHÀ THUỐC HÀ NGUYÊN,,Xã Giao Phong ,Giao Thủy,Nam Định
NHÀ THUỐC HÙNG NA,243,"Khu 3, TT Yên Định",Hải Hậu,Nam Định
PHẠM THANH TUẤN,129,"Khu Cao An, TT Cồn",Hải Hậu,Nam Định
NHÀ THUỐC TUYẾN TUYỀN,,"Dãy Đông Chợ Chùa, Nam Giang",Nam Trực,Nam Định
NHÀ THUỐC HỒNG TƯƠI,264,"Tân Giang, Nam Thành",Nam Trực,Nam Định
NHÀ THUỐC TUYÊN THẠC,12/63,Văn Cao ,Năng Tĩnh,Nam Định
NHÀ THUỐC NHƯ LUYẾN,53,"Hải Đông, Liễu Đề",Nghĩa Hưng,Nam Định
NHÀ THUỐC MINH,,"Minh Nhài, khu 2 TT Qquỹ Nhất",Nghĩa Hưng,Nam Định
NHÀ THUỐC PHƯƠNG THÚY,306,Trần Huy Liệu,Phường Văn Miếu,Nam Định
NHÀ THUỐC MAI LÂN,189, Trần Thái Tông,TP Nam Định,Nam Định
NHÀ THUỐC MỸ NHUNG,48,Mạc Thị Bưởi,TP Nam Định,Nam Định
NHÀ THUỐC PHẠM THỊ THỦY,43,Phù Nghĩa ,TP Nam Định,Nam Định
NHÀ THUỐC CHỊ DUNG - Công ty CP Dược Nam Định,66,Trần Phú,TP Nam Định,Nam Định
NHÀ THUỐC HOÀNG THỊ BÍCH,,"'Đức Thành 2, Cát Thành",Trực Ninh,Nam Định
NHÀ THUỐC TUYẾT THÀNH,,Xóm 1 Ngã 3 Trực Thái,Trực Ninh,Nam Định
QUẦY THUỐC ANH ĐẠT,,Quốc lộ 37B TT Gôi,Vụ Bản,Nam Định
NHÀ THUỐC BÍCH ĐÀO,,TT Xuân trường,Xuân Trường,Nam Định
NHÀ THUỐC TRƯỜNG HIỀN,,Xã Hành Thiện,Xuân Trường,Nam Định
ĐỖ THANH LIÊM,,XÃ XUÂN NINH HUYỆN XUÂN TRƯỜNG,Xuân Trường,Nam Định
NHÀ THUỐC VIỆT AN,,Đường 57A TT Lâm,Ý Yên,Nam Định
QUẦY THUỐC VÂN TRUNG,khối 11,Thị Trấn Dùng,Thanh Chương,Nghệ an
CHI NHANH DƯỢC SỐ 48,37/1/4,Khối 1,TT Qùy Hợp,Nghệ An
NHÀ THUỐC CHÂU CƯỜNG,235, Khối Phố Xuân Khoa, Nam Đàn,Nghệ An
NHÀ THUỐC GÌ LIỄU,,Khối Phố Phan Bội Châu  , Nam Đàn,Nghệ An
NHÀ THUỐC THÀNH GIANG,,Chợ Cây Chanh - Xã Đỉnh Sơn,Anh Sơn ,Nghệ An
QUẦY THUỐC NGA THẮNG,, Khối 4 Thị trấn Diễn Châu,Diễn Châu ,Nghệ An
NHÀ THUỐC THỦY TRÁNG,,Chợ TTTM Đô Lương ,Đô Lương ,Nghệ An
QUẦY THUỐC HÒA VĨNH,,Xóm 8 - Đông Sơn -Tràng Sơn,Đô Lương ,Nghệ An
NHÀ THUỐC VINH TÂN,,Khối 4 TT Quán Hành ,Nghi Lộc,Nghệ An
NHÀ THUỐC PHƯƠNG ANH,,Chợ Nghĩa Hồng - Xã Nghĩa Hồng ,Nghĩa Đàn,Nghệ An
QUẦY THUỐC LƯU THỊ TRẦM,,Chợ 3/2 Nghĩa Xuân,Quỳ Hợp,Nghệ An
NHÀ THUỐC YẾN CHÂU,, Khối 3 Thị trấn Cầu Giát,Quỳnh Lưu,Nghệ An
QUẦY THUỐC KHÁNH NGA,,Ngã 3 Tuần,Quỳnh Lưu,Nghệ An
NHÀ THUỐC NGUYỆT GIAI,,QL 1A Khối 7 - TT Cầu Giát  ,Quỳnh Lưu,Nghệ An
NHÀ THUỐC TRỊNH MAI,,Xóm 1 - Quỳnh Hương,Quỳnh Lưu,Nghệ An
NHÀ THUỐC KHOA THIỆN,,Xóm 6 Quỳnh Văn                            ,Quỳnh Lưu,Nghệ An
NHÀ THUỐC HÀ THẢO CHI,,khối 3 Đại Lộ Nguyễn Sinh Cung ,Thị Xã Cửa Lò,Nghệ An
NHÀ THUỐC HÙNG ANH,286, QL 1A Quỳnh Vinh,Thị Xã Hoàng Mai,Nghệ An
NHÀ THUỐC KỲ AN,,QL 1 A - Quỳnh Vinh,Thị Xã Hoàng Mai,Nghệ An
QUẦY THUỐC CAO THỊ LIỄU,38, Khối Tân Thành - P Hòa Hiếu ,Thị Xã Thái Hòa,Nghệ An
QUẦY THUỐC ĐẬU THỊ HÀ,,Khối Phố Tây Hồ 1 - P Quang Tiên ,Thị Xã Thái Hòa,Nghệ An
NHÀ THUỐC LINH LAI,1, Đốc Thiết ,Tp Vinh,Nghệ An
NHÀ THUỐC NGUYỄN SỸ NỘI,128, Hà Huy Tập - P Hà Huy Tập,Tp Vinh,Nghệ An
NHÀ THUỐC HUYỀN TUYẾN,81, Nguyễn Kiễm,Tp Vinh,Nghệ An
NHÀ THUỐC THÀNH QUYÊN,134, Nguyễn Thái Học ,Tp Vinh,Nghệ An
NHÀ THUỐC TRƯỜNG SƠN,,Ki ốt 1 - Chợ Đình Chính - P Hồng Sơn ,Tp Vinh,Nghệ An
NHÀ THUỐC TÂM HÀO,74,Lê Huân ,Tp Vinh,Nghệ An
NHÀ THUỐC NGỌC KHANG,159,Nguyễn Phong Sắc,Tp Vinh,Nghệ An
NHÀ THUỐC LIÊN TÝ,1,Nguyễn Xiển ,Tp Vinh,Nghệ An
NHÀ THUỐC PHAN THÚC NGUYÊN,,Cổng Chợ Bảo Thành Xã Bảo Thành ,Yên Thành,Nghệ An
NHÀ THUỐC CHỊ PHƯƠNG,,TT Me,Gia Viến,Ninh Bình
NHÀ THUỐC CHÚ THÚY,,Ninh Phong,Hoa Lư,Ninh Bình
NHÀ THUỐC PHẠM THỊ THU,,Tân Mỹ- X.Ninh Mỹ,Hoa Lư,Ninh Bình
ANH TÀI YÊN,,Lai Thành,Kim Sơn,Ninh Bình
NHÀ THUỐC CHỊ DỊU,,"Thôn Chợ Rịa, Nho Quan",Kim Sơn,Ninh Bình
NHÀ THUỐC CHỊ HUYỀN,,"Thôn Rịa, Nho Quan",Kim Sơn,Ninh Bình
QUẦY THUỐC CHỊ GIANG,,"Xóm 4, Lai Thành",Kim Sơn,Ninh Bình
CÔNG TY HOÀNG YẾN,100,Tuệ Tĩnh,Nam Thành,Ninh Bình
NHÀ THUỐC CHỊ HẰNG,,"Đường 128, Sào Lâm, Văn Phú",Nho Quan,Ninh Bình
QUẦY LẺ VŨ DUYÊN,15,Hải Thượng Lãn Ông,Phúc Thành,Ninh Bình
NHÀ THUỐC ĐINH THỊ SÁNG,25,Trung Sơn,Tam Điệp,Ninh Bình
NHÀ THUỐC HẢI PHƯƠNG,1409 Tổ 12,Phường Nam Sơn,TP Tam Điệp,Ninh Bình
Cty CPDP Ninh Bình-QT Số 3 Trần Thị Điệp,,"Chợ Ninh,Yên Ninh",Yên Khánh,Ninh Bình
NHÀ THUỐC NGUYỄN THỊ HƯỜNG,,Phố Trung Yên-TT.Yên Thịnh ,Yên Mô,Ninh Bình
NHÀ THUỐC SỐ 39,,QL27,Ninh Sơn,Ninh Thuận
NHÀ THUỐC SỐ 40,,QL27,Ninh Sơn,Ninh Thuận
NHÀ THUỐC SỐ 41,,QL27,Ninh Sơn,Ninh Thuận
NHÀ THUỐC ÁNH CHÂU,759,21/8,Phan Rang,Ninh Thuận
NHÀ THUỐC SỐ 43,192,21/8,Phan Rang,Ninh Thuận
NHÀ THUỐC TƯỜNG VY,96,Lê Lợi,Phan Rang,Ninh Thuận
NHÀ THUỐC ĐỨC HƯNG,499,Thống Nhất,Phan Rang,Ninh Thuận
NHÀ THUỐC BÌNH AN,430,Thống Nhất,Phan Rang,Ninh Thuận
NHÀ THUỐC NHƯ TRANG,425,Thống Nhất,Phan Rang,Ninh Thuận
NHÀ THUỐC SỐ 456 ,456,Thống Nhất,Phan Rang,Ninh Thuận
QUẦY THUỐC CHỊ LIÊN,,"Khu 2, Phú Lạc", Cẩm Khê,Phú Thọ
QUẦY THUỐC CÔ TÍCH,,"Thôn Đầu Lô,cổng BVĐK Đoan Hùng, TT Đoan Hùng,", Đoan Hùng,Phú Thọ
QUẦY THUỐC CHỊ LIÊN,,"Khu 4, TT Thanh Ba"," Thanh Ba, ",Phú Thọ
QUẦY THUỐC MAI HẢI,Kiot 36,"Chợ Mè,  P.Thông Châu", TX Phú Thọ,Phú Thọ
NHÀ THUỐC NGỌC THIỆN,,"Khu 8, TT Hạ Hòa",Hạ Hòa,Phú Thọ
QUẦY THUỐC CHỊ TÂM,Khu 2,"Bản Nguyên, Phường Bản Nguyên",Lâm Thao,Phú Thọ
QUẦY THUỐC CHỊ THINH,,"Khu 9, TT Hùng Sơn",Lâm Thao,Phú Thọ
QUẦY THUỐC KHÁNH LINH,122,"Khu Đường Nam,  TT Phong Châu",Phù Ninh,Phú Thọ
QUẦY THUỐC CHỊ NGA,,"Khu 14, Cổ Tiết",Tam Nông,Phú Thọ
NHÀ THUỐC THÂN BÔN,88,"Cầu Đất, TT Thanh Sơn",Thanh Sơn,Phú Thọ
QUẦY THUỐC CHỊ NGA,,"Khu 1, Tân Phương",Thanh Thủy,Phú Thọ
QUẦY THUỐC CHỊ PHƯƠNG,814,"ĐLộ Hùng Vương, Thanh Miếu",TP Việt Trì,Phú Thọ
QUẦY THUỐC CHỊ NGUYỆT,,"Khu 1, Vân Phú",TP Việt Trì,Phú Thọ
QUẦY THUỐC CHỊ LINH,,"Khu 2A, Nông Trang",TP Việt Trì,Phú Thọ
QUẦY THUỐC ANH HOAN,,"Tân An 4, TT Yên Lập",Yên Lập,Phú Thọ
QUẦY THUỐC HỒNG NGỌC,175,"Trần Phú, Thị Trấn Củng Sơn",Huyện Sơn Hòa,Phú Yên
QUẦY THUỐC THANH TUYỀN,,"Thôn Hội Tín, Xã An Thạch ",Huyện Tuy An,Phú Yên
NHÀ THUỐC HẠNH KỲ,,TT Hoàn Lảo, Bố Trạch,Quảng Bình
QUẦY THUỐC BỆNH VIỆN ĐK LỆ THUỶ,,Bệnh Viện ĐK Lệ Thủy , Lệ Thủy ,Quảng Bình
QUẦY THUỐC SỐ 5,,Chợ Võ Xá , Quảng Ninh,Quảng Bình
NHÀ THUỐC THÙY MIÊN,,Chợ Hoàn Lão,Bố Trạch,Quảng Bình
NHÀ THUỐC LIÊN HUẤN,,Đại Trạch,Bố Trạch,Quảng Bình
NTTRẦN THỊ MỸ HẠNH -,,Chợ Hoàn Lão - H.Bố Trạch ,Bố Trạch ,Quảng Bình
QUẦY THUỐC CHÂU SÂM,, H.Lệ Thủy,H.Lệ Thủy ,Quảng Bình
QUẦY THUỐC SỐ 30,,Chợ Roon ,H.Quảng Trạch,Quảng Bình
QT HUYỀN VÂN,,Chợ Động Xã Mai Thuỷ,Lệ Thuỷ,Quảng Bình
QT UYÊN NHI,,Thôn Mộc Đinh Xã Hồng Thuỷ ,Lệ Thuỷ,Quảng Bình
QT SỐ 1,,Cổng B.V Dinh Mười Xã Gia Ninh ,Quảng ninh,Quảng Bình
NHÀ THUỐC VIỆT PHƯƠNG,160, Lê Lợi ,TP Đồng Hới,Quảng Bình
NHÀ THUỐC THANH NGUYỆT,247, Lý Thái Tổ,TP Đồng Hới,Quảng Bình
CÔNG TY TNHH DƯỢC PHẨM NGỌC HÀ - NHÀ THUỐC 483 LÝ THƯỜNG KIỆT,483, Lý Thường Kiệt,TP Đồng Hới,Quảng Bình
HIỆU THUỐC SỐ 19,,Chợ Công Đoàn,TP Đồng Hới,Quảng Bình
QUẦY THUỐC SỐ 23,,Chợ Đồn ,TP Đồng Hới,Quảng Bình
NHÀ THUỐC TUẤN THOA,,Chợ Đồng Hới ,TP Đồng Hới,Quảng Bình
NHÀ THUỐC LONG LOAN,285,Lý Thái Tổ ,TP Đồng Hới,Quảng Bình
CÔNG TY THƯƠNG MẠI DƯỢC PHẨM PHƯƠNG ANH - NHÀ THUỐC 28 NGUYỄN THÁI BÌNH,28,Nguyễn Thái Bình ,TP Đồng Hới,Quảng Bình
NHÀ THUỐC HÙNG DỤC,,"Tổ dân phố 10, P. Nam Lý",TP Đồng Hới,Quảng Bình
QUẦY THUỐC SỐ 5,7, Hùng Vương,Tx Ba Đồn,Quảng Bình
NHÀ THUỐC HẠNH KỲ,,Chợ Ba Đồn ,Tx Ba Đồn,Quảng Bình
QUẦY THUỐC SỐ 11,,Chợ Ba Đồn ,Tx Ba Đồn,Quảng Bình
NT VĨNH HIỀN,128,Trần Hưng Đạo -, Hội An -,Quảng Nam
NT SỐ 164,,Điện Trung Nam,Điện Bàn ,Quảng Nam
NT ANH TUẤN,,"Ngọc vinh, Điện Ngọc",Điện Bàn ,Quảng Nam
NT HUY HOÀNG,268,Lý Thường Kiệt ,Hội An ,Quảng Nam
QUẦY THUỐC TÂY XUÂN,,"Chợ Bình Long, Xã Bình Long",Thị Xã Điện Bàn,Quảng Nam
NHÀ THUỐC NGỌC LIÊN ,103,Trần Cao Vân,TP. Tam Kỳ,Quảng Nam
QUẦY THUỐC SỐ 9,384,Phạm Văn Đồng - Tam Hiệp, H. Núi Thành,Quảng Nam
QUẦY THUỐC ÁNH,180,Hùng Vương - TT Bắc Trà Mi,H. Bắc Trà Mi,Quảng Nam
QUẦY THUỐC SỐ 3,254,Võ Nguyên Giáp - TT Bắc Trà Mi,H. Bắc Trà Mi,Quảng Nam
QUẦY THUỐC SỐ 314,,Khu 4 - TT Ái Nghĩa,H. Đại Lộc,Quảng Nam
QUẦY THUỐC CHÂU THU,,Khu 7 - TT Ái Nghĩa,H. Đại Lộc,Quảng Nam
QUẦY THUỐC SỐ 193,,Khu 7 - TT Ái Nghĩa,H. Đại Lộc,Quảng Nam
QUẦY THUỐC KIM ANH,,Ngã 3 Suối Mơ - Thôn Lam Phụng - Xã Đại Đồng,H. Đại Lộc,Quảng Nam
QUẦY THUỐC CẨM,,Chợ Tân An - TT Tân An,H. Hiệp Đức,Quảng Nam
QUẦY THUỐC NHẠN,,Chợ Mộc Bài - Xã Quế Xuân,H. Quế Sơn,Quảng Nam
QUẦY THUỐC SỐ 156,,QL1A - TT Nam Phước,H.Duy Xuyên,Quảng Nam
QUẦY THUỐC SỐ 149,,Xuyên Tây - TT Nam Phước,H.Duy Xuyên,Quảng Nam
QUẦY THUỐC 265 ,43,Tiểu La - TT. Hà Lam,H.Thăng Bình,Quảng Nam
QUẦY THUỐC THU HÀ,180,Tiểu La - TT. Hà Lam,H.Thăng Bình,Quảng Nam
QUẦY THUỐC THU HÀ,77,Tiểu La - TT. Hà Lam,H.Thăng Bình,Quảng Nam
QUẦY THUỐC THANH THÚY,294,Tiểu La - TT. Hà Lam,H.Thăng Bình,Quảng Nam
NHÀ THUỐC ĐỨC THÀNH 2,6,Phan Chu Trinh,"TP. Tam Kỳ, ",Quảng Nam
NHÀ THUỐC AN PHƯỚC 2,135,Tôn Đức Thắng,"TP. Tam Kỳ, ",Quảng Nam
QUẦY THUỐC ĐÔNG DƯỢC ÁNH MINH,31,Trần Cao Vân,"TP. Tam Kỳ, ",Quảng Nam
QUẦY THUỐC THĂNG HOA,,"QL 1A, P.Vĩnh Điện",TX Điện Bàn,Quảng Nam
QUẦY THUỐC MƯỜI EM,,"QL 1A, P.Vĩnh Điện",TX Điện Bàn,Quảng Nam
QUẦY THUỐC DUY TRÍ,,"QL 1A, P.Vĩnh Điện",TX Điện Bàn,Quảng Nam
QUẦY THUỐC SỐ 153,,"QL 1A, P.Vĩnh Điện",TX Điện Bàn,Quảng Nam
ĐẠI LÝ TUYẾT MAI,,QL1A - Xã Trà Câu, H. Đức Phổ ,Quảng Ngãi
ĐẠI LÝ MAI TRUNG TÂM,,Phổ Thạnh - TT. Sa Huỳnh," H. Đức Phổ,",Quảng Ngãi
ĐẠI LÝ ANH HƯƠNG,,Đức Tân - TT Mộ Đức, H. Mộ Đức,Quảng Ngãi
ĐẠI LÝ PHI YẾN,,Thi Phổ - Xã Đức Thạnh, H. Mộ Đức,Quảng Ngãi
QUẦY THUỐC HẢI PHƯỢNG,,Thôn Tây Phước - Xã Bình An,"Bình Sơn,",Quảng Ngãi
ĐẠI LÝ NHƯ PHÚC,,Thôn Tuyết Diêm 2 -  Xã Bình Thuận,"Bình Sơn,",Quảng Ngãi
ĐẠI LÝ NGUYÊN HOA,,Ngã Tư Thạch Trụ - Thạch Trụ,H.  Mộ Đức,Quảng Ngãi
QUẦY THUỐC BÍCH THẢO,,Châu Thuận - Xã Bình Châu,H. Bình Sơn,Quảng Ngãi
QUẦY THUỐC BA ĐỊNH,,Chợ Châu Ô - TT Châu Ổ,H. Bình Sơn,Quảng Ngãi
ĐẠI LÝ THẢO THÚY,,Thôn Tân Hy - Xã Bình Đông,H. Bình Sơn,Quảng Ngãi
ĐẠI LÝ TUYẾT SƯƠNG,11,Bùi Thị Xuân - TT Đức Phổ,H. Đức Phổ,Quảng Ngãi
ĐẠI LÝ HỒNG HẠNH,,Chợ Hành Trung - Xã Hành Đức,H. Nghĩa Hành,Quảng Ngãi
ĐẠI LÝ THANH THỊNH,,Chợ Ga -- Tịnh Thọ,H. Sơn Tịnh,Quảng Ngãi
QUẦY THUỐC THANH TÂM,,Chợ Gò - Xã Tịnh An,H. Sơn Tịnh,Quảng Ngãi
QUẦY THUỐC QUÝ TUYẾN,,Chợ Mới - Thôn Minh Quang - Xã Tịnh Hòa,H. Sơn Tịnh,Quảng Ngãi
QUẦY THUỐC ANH NHẬT,,Chợ Tạm - Tịnh Hà,H. Sơn Tịnh,Quảng Ngãi
QUẦY THUỐC PHƯƠNG THẢO,,Chợ Tịnh Khê - Tịnh Khê,H. Sơn Tịnh,Quảng Ngãi
ĐẠI LÝ CẨM DUNG,,Chợ Chùa - Nghĩa Hành,H. Tư Nghĩa,Quảng Ngãi
ĐẠI LÝ QUỲNH VÂN,,Chợ Phổ An - Xã Nghĩa Hành,H. Tư Nghĩa,Quảng Ngãi
QUẦY THUỐC LÂM THÁI,,"Mỹ Á, vùng 1, Hải Tân, Phổ Quang",Huyện Đức Phổ,Quảng Ngãi
QUẦY THUỐC MINH TUẤN,,"Thôn 6, Chợ Quán Lát ",Huyện Mộ Đức,Quảng Ngãi
QUẦY THUỐC GPP HỒNG LOAN,,Xã Hành Thuận,Huyện Nghĩa Hành,Quảng Ngãi
NHÀ THUỐC GPP VIỆT PHƯƠNG,331,Nguyễn Nghiêm,Nguyễn Nghiêm,Quảng Ngãi
NHÀ THUỐC TẠ NINH,70, Đường Ngô Quyền,Thành phố Quảng Ngãi,Quảng Ngãi
HIỆU THUỐC ĐÔNG Y THANH BÌNH,215, Nguyễn Nghiêm ,Thành phố Quảng Ngãi,Quảng Ngãi
NHÀ THUỐC KIM NGUYÊN,788,Đường Quang Trung ,Thành phố Quảng Ngãi,Quảng Ngãi
NHÀ THUỐC NAM THÀNH,411,Hùng Vương Phường Trần Phú,TP. Quảng Ngãi,Quảng Ngãi
QUẦY THUỐC MINH NGUYỆT,,Ngã Tư Ba La - Xã Nghĩa Dõng,TP. Quảng Ngãi,Quảng Ngãi
NHÀ THUỐC MỸ NGỌC,21,Nguyễn Tự Tân,TP. Quảng Ngãi,Quảng Ngãi
QUẦY THUỐC KIM HƯNG,,QL1A - Thị Trấn Sông Vệ,TP. Quảng Ngãi,Quảng Ngãi
NHÀ THUỐC THUỘC ĐƯỜNG,394,Quang Trung - Phường Nguyễn Nghiêm,TP. Quảng Ngãi,Quảng Ngãi
QUẦY THUỐC PHÁT HUY,,Thôn An Vĩnh - Xã Tịnh Kỳ,TP. Quảng Ngãi,Quảng Ngãi
QUẦY THUỐC THANH THÚY,,Thôn Đông - Xã Nghĩa Thắng,TP. Quảng Ngãi,Quảng Ngãi
ĐẠI LÝ THÙY CÔI,,Thôn Phú Thọ - Xã Nghĩa Phú,TP. Quảng Ngãi,Quảng Ngãi
ĐẠI LÝ AN PHÚ,,Chợ Phổ An - Xã Nghĩa Hành,Tư Nghĩa,Quảng Ngãi
QUẦY THUỐC SỐ 71,155, Nguyễn Bình," Thị Trấn Đông Triều, Huyện Đông Triều",Quảng Ninh
QUẦY THUỐC DOANH NGHIỆPTÂM ANH,424,Hoàng Hoa Thám," Thị Trấn Mạo Kê, Huyện Đông Triều",Quảng Ninh
NHÀ THUỐC NGÂN SƠN,Tổ 2,Khu 5,"Phường  Giếng Đáy, TP Hạ Long",Quảng Ninh
QUẦY THUỐC SỐ 27 ,53,Anh Đào,"Phường Bãi Cháy, TP Hạ long",Quảng Ninh
NHÀ THUỐC MINH ANH,Tổ 1,Khu 7,"Phường Bãi cháy, TP Hạ Long",Quảng Ninh
NHÀ THUỐC BẢO YẾN,141,Cao Sơn 2,"Phường Cẩm Sơn,TP Cẩm Phả",Quảng Ninh
NHÀ THUỐC LÂM ĐOAN,365,Trần Phú,"Phường Cầm Thành, TPCẩm Phả",Quảng Ninh
NHÀ THUỐC VIÊN HỒNG,785,Trần Phú,"Phường Cầm Thủy, TP Cẩm Phả",Quảng Ninh
NHÀ THUỐC SỐ 6 ,Kiốt  Chợ Địa Chất,Tô Hiệu,"Phường Cẩm Trung, TP Cẩm Phả",Quảng Ninh
NHÀ THUỐC THANH NHÀN,351,Phố Mới Lý Thường Kiệt,"Phường Cửa Ông, TP Cẩm Phả",Quảng Ninh
 NHÀ THUỐC DOANH NGHIỆP SỐ 9,Tổ 1,Khu 7 ,"Phường Giếng Đáy, TP Hạ Long",Quảng Ninh
QUẦY THUỐC SỐ 10,,Khu 8,"Phường Hải Hòa, TP Móng Cái",Quảng Ninh
NHÀ THUỐC SỐ 1 ,234,Nguyễn Văn Cừ,"Phường Hồng Hải, TP Hạ Long",Quảng Ninh
QUẦY THUỐC DOANH NGHIỆP SỐ 27,Tổ 1, Khu 6,"Phường Mông Dương, TP Cẩm Phả",Quảng Ninh
NHÀ THUỐC MINH KẾT,72,Tuệ Tĩnh,"Phường Thanh Sơn, TP Uông Bí",Quảng Ninh
NHÀ THUỐC THANH CHƯƠNG,22,,"Phường Trần Bình Trọng, Huyện Hải Hà",Quảng Ninh
QUẦY THUỐC SỐ 8,12,Trần Phú,"Phường Trần Phú, TP Móng Cái",Quảng Ninh
QUẦY THUỐC SỐ 56,Kiốt 21-22, chợ Trung Tâm,"Phường,Quang Trung, TP Uông Bí",Quảng Ninh
 QUẦY THUỐC  SỐ 5,57,Hoàng Hoa Thám,"Thị Xã Quảng Yên, Huyện Yên Hưng",Quảng Ninh
Quầy Thuốc Doanh Nghiệp số 24,8,"Lê Lợi, Vàng Danh",Uông Bí,Quảng Ninh
QUẦY THUỐC SỐ 25 ,,Chợ Ngô Đồng,Cam Lộ,Quảng Trị
QT SỐ 8 CTY DƯỢC   TRƯƠNG HỒNG HÀ ,,"Chợ Diên Sanh, Xã Hải Thọ",Hải Lăng,Quảng Trị
ĐAỊ LÝ THUỐC TÂY,89,"Quốc lộ 9, Thị Trấn Lao Bảo",Hướng Hóa,Quảng Trị
NT NHƯ THÙY,441,"Quốc lộ 9, Phường 3",Thành Phố Đông Hà,Quảng Trị
ĐẠI LÝ  LAN TIẾN ,,"Chợ Do, Xã Vĩnh Tân",Vĩnh Linh,Quảng Trị
NT HỒNG THẮM ,2,"Hùng Vương, Thị Trấn Hồ Xá",Vĩnh Linh,Quảng Trị
CTY TNHH DP HOÀNG ĐỨC,129,Lê Thế Hiếu , Đông Hà,Quảng Trị
NHÀ THUỐC KIM THANH,,Chợ Đông Hà,Đông Hà,Quảng Trị
NHÀ THUỐC BẢO CHÂU,4, Lê Duẩn,Đông Hà-,Quảng Trị
NHÀ THUỐC ĐÔNG HẢI ,227, Trần Hưng Đạo ,TX Quảng Trị,Quảng Trị
NHÀ THUỐC NAM ANH,39,Trần Hưng Đạo,TX Quảng Trị,Quảng Trị
QUẦY THUỐC KIM CHI ,,Chợ Hồ Xá,Vĩnh Linh,Quảng Trị
QUẦY THUỐC HÀ THU,,Chợ Hồ Xá,Vĩnh Linh,Quảng Trị
NHÀ THUỐC PHONG HÒA ĐƯỜNG,411,"Ấp Trà Quýt, TT. Châu Thành",Châu Thành,Sóc Trăng
QUẦY THUỐC KIỀU NGOAN,90,"Ấp An Thường, Xã An Thạnh 1",H. Cù Lao Dung,Sóc Trăng
QUẦY THUỐC THANH BÌNH,,"Ấp Chợ, TT.Cù Lao Dung",H. Cù Lao Dung,Sóc Trăng
QUẦY THUỐC KIM THAO,,"Chợ Rạch Tráng, Ấp An Nghiệp, Xã An Thạnh 3",H. Cù Lao Dung,Sóc Trăng
NHÀ THUỐC VINH THỌ ĐƯỜNG,,"Đường Hùng Vương, Ấp Nội Ô, TT.Huỳnh Hữu Nghĩa",H. Mỹ Tú,Sóc Trăng
NHÀ THUỐC NHÂN TÂM ĐƯỜNG,72/1,QL1A Ấp Đông Hải,Huyện Kế Sách,Sóc Trăng
NHÀ THUỐC NHƠN HÒA ĐƯỜNG,12,"Ấp Ngãi Hội 1, Thị Trấn Đại Ngãi",Huyện Long PHú,Sóc Trăng
QUẦY THUỐC VIỆT TOÀN,,"Ấp 15, Chợ Vĩnh Lợi, Xã Vinh Lợi",Huyện Thạnh Trị,Sóc Trăng
QUẦY THUỐC MỸ XUYÊN,,"Ấp Long Thạnh, Xã Tân Long",Thị Xã Ngã Năm,Sóc Trăng
NHÀ THUỐC XUÂN HÒA ĐƯỜNG,308,"Đường 3/2, Khóm 1, Phường 1",Thị Xã Ngã Năm,Sóc Trăng
NHÀ THUỐC VINH NGHĨA ĐƯỜNG,347,Đường Mai Thanh Thế,Thị Xã Ngã Năm,Sóc Trăng
NHÀ THUỐC TÁI SANH ĐƯỜNG,35A,"Đường Lê Lai, P.1",Thị xã Vĩnh Châu,Sóc Trăng
NHÀ THUỐC LỢI HÒA ĐƯỜNG,117,"Đường 3/2, P.1",TP. Sóc Trăng,Sóc Trăng
NHÀ THUỐC ANH TUẤN,8,"Đường CMT8, P.1",TP. Sóc Trăng,Sóc Trăng
NHÀ THUỐC VĨNH AN ĐƯỜNG,16,"Đường Đồng Khởi, P.1",TP. Sóc Trăng,Sóc Trăng
NHÀ THUỐC HÒA TRUNG ĐƯỜNG,33A ,"Đường Hàm Nghi, P.1",TP. Sóc Trăng,Sóc Trăng
NHÀ THUỐC HOÀNG TUẤN,31,"Đường Hùng Vương, Khóm 1, Phường 6",TP. Sóc Trăng,Sóc Trăng
NHÀ THUỐC KIM CHI,106,"Lê Hồng Phong, Phường 3",TP. Sóc Trăng,Sóc Trăng
NHÀ THUỐC VẠN HÒA ĐƯỜNG,202,"Lý Thường Kiệt, Khóm 1, Phường 4",TP. Sóc Trăng,Sóc Trăng
NHÀ THUỐC VẠN XUÂN VIÊN,11,"Phan Chu Trinh, P.1",TP. Sóc Trăng,Sóc Trăng
NHÀ THUỐC MINH TRÍ,45,"Phan Chu Trinh, P.1",TP. Sóc Trăng,Sóc Trăng
NHÀ THUỐC ĐỨC THẠNH ĐƯỜNG,374,"Ấp Châu Thành, TT. Lịch Hội Thượng",Trần Đề,Sóc Trăng
HIỆU THUỐC THÙY LINH,80,"Tiểu Khu 19, Thị Trấn Hát Lót",Mai Sơn,Sơn La
CTY CP DP VẬT TƯ Y TẾ SƠN LA - QUẦY SỐ 04,,"Tiểu Khu 3, Xã Cò Nòi",Mai Sơn,Sơn La
CTY CP DƯỢC PHẨM ĐỨC TÂM - QUẦY THUỐC QUÝ KHƯƠNG,,"Tiểu Khu Nà Sản, Xã Chiềng Mung",Mai Sơn,Sơn La
Cty CPDP Phú Tấn- Quầy Thuốc 05,150,Tiểu Khu 12,Mộc Châu,Sơn La
CTY CP DP VẬT TƯ Y TẾ SƠN LA - QUẦY SỐ 6,,"Tiểu Khu 40, Thị Trấn Nông Trường",Mộc Châu,Sơn La
Cty CPDP Đức Tâm - Quầy Thuốc Hồng Công,,Tiểu khu 64-TT Nông Trường,Mộc Châu,Sơn La
CTY CP DƯỢC PHẨM ĐỨC TÂM - QUẦY THUỐC SỐ 2,,"Tiểu Khu 2, Thị Trấn Mường La (Ít Ong)",Mường La,Sơn La
CTY CP DP VẬT TƯ Y TẾ SƠN LA ,,"Khối 4, Thị Trấn Phù Yên",Phù Yên,Sơn La
CTY CP DP AN TÍN - QUẦY THUỐC SỐ 15,52,"Tổ 10, Thị trấn Sông Mã",Sông Mã,Sơn La
CTY CP DP VẬT TƯ Y TẾ SƠN LA - QUẦY THUỐC SỐ 5,,"Xã Tân Lập, Thị Tứ Chiềng Khương",Sông Mã,Sơn La
CTY CP Dược Vật Tư Y Tế Sơn La_Quầy Thuốc Số 14,,Tiểu Khu 3_Xã Tông Lệnh,Thuận Châu,Sơn La
CTY CPD-VT Y TẾ SƠN LA - QUẦY THUỐC SỐ 1 HOÁN HOA ,220,"Tiểu Khu 5, Thị Trấn Thuận Châu",Thuận Châu,Sơn La
CTY CP DP VẬT TƯ Y TẾ SƠN LA - QUẦY THUỐC SỐ 8,34,"Đường Nguyễn Lương Bằng, Phường Quyết Thắng",TP Sơn La,Sơn La
CTY CP DP AN TÍN - QUẦY THUỐC SỐ 4,174,"Tổ 6 - Đường Hùng Vương,  Phường Chiềng Sinh",TP Sơn La,Sơn La
CTY CP DƯỢC PHẨM HỒNG THÚY - QUẦY THUỐC TRỊNH THU PHƯƠNG,,"Tiểu Khu 1,  Thị Trấn Yên Châu",Yên Châu,Sơn La
QT SỐ 20,144,Phan Đình Phùng,Phường Bắc Lý,T.P Đồng Hới
NT VIẾT NHÂN,30,Mẹ Suốt,Phường Hải Đình,T.P Đồng Hới
NHÀ THUỐC PHƯỚC THỌ ĐƯỜNG,106, KP 2,Gò Dầu,Tây Ninh
NHÀ THUỐC VẠN HỒI XUÂN ,214,Khu Phố Thanh Bình,Gò Dầu,Tây Ninh
NHÀ THUỐC PHƯƠNG ĐÔNG,20/2b, Hùng Vương,Hòa Thành,Tây Ninh
NHÀ THUỐC TÒNG SƠN,B13/2, KP 1,Hòa Thành,Tây Ninh
NHÀ THUỐC PHƯỚC TÍN,Kios,Chợ Long Hoa,Hòa Thành,Tây Ninh
NHÀ THUỐC TRUNG NHÂN,50,Huỳnh Thanh Mừng,Hòa Thành,Tây Ninh
NHÀ THUỐC TỪ BI,1329,CMT8,Ninh Thạnh,Tây Ninh
NHÀ THUỐC LONG CHÂU,589,Điện Biên Phủ,Ninh Thạnh,Tây Ninh
NHÀ THUỐC ANH THI,507,CMT8,Phường 3,Tây Ninh
NHÀ THUỐC VÂN KHÁNH,442,CMT8,Phường 3,Tây Ninh
NHÀ THUỐC VÂN KIÊN,108,Nguyễn Thái Học,Phường 3,Tây Ninh
NHÀ THUỐC MỸ THIÊN,1128,CMT8,Phường 4,Tây Ninh
NHÀ THUỐC MINH AN ĐƯỜNG,12,Nguyễn Chí Thanh,Tân Biên,Tây Ninh
NHÀ THUỐC DƯ TẤN ĐỨC,15, Đặng Văn Trước,Trảng Bàng,Tây Ninh
NHÀ THUỐC ĐẠI SANH THÀNH,Kios 5,Chợ Mới,Trảng Bàng,Tây Ninh
NHÀ THUỐC LINH HỒNG,42,"Tổ 24, Trần Thái Tông",Bồ Xuyên,Thái Bình
NHÀ THUỐC NGUYỄN HUY PHƠN,,"Thôn Trần Khê, Thăng Long",Đông Hưng,Thái Bình
NHÀ THUỐC THÚY NINH,,Tổ 3 - TT Đông Hưng,Đông Hưng,Thái Bình
NHÀ THUỐC HOÀNG THỊ HÀ,,Khánh mỹ,Hưng Hà,Thái Bình
NHÀ THUỐC BÍNH NGHI,,TT hưng Nhân,Hưng Hà,Thái Bình
NHÀ THUỐC VĂN CƯỜNG,,"Ngã Tư La Xã, Minh Khai",Huyện Hưng Hà,Thái Bình
Cty CP DVTYT THÁI BÌNH - LÊ THỊ XUYÊN,,"Xóm 3, Thanh Tân ",Huyện Kiến Xương,Thái Bình
NHÀ THUỐC CHỊ NGỌC,,"Chợ Gạch, Xã Thái Tân",Huyện Thái Thụy,Thái Bình
NHÀ THUỐC ĐẶNG TOÀN,172,Cộng Hòa - TT Thanh Nê,Kiến Xương,Thái Bình
QUẦY THUỐC TRẦN THỊ LAN,,"Xóm 4, TT Vũ Quý",Kiến Xương,Thái Bình
Nhà thuốc Công ty Dược VTYT Thái Bình - CHỊ HOA,359,Lý Bôn,Kỳ Bá,Thái Bình
CTCPDVTYT- CHỊ NGUYỆT,,Phan Bội Châu,Lê Hồng Phong,Thái Bình
QUẦY THUỐC DOANH NGHIỆP SỐ 9,,Khu 3 TT Quỳnh Côi,Quỳnh Phụ,Thái Bình
NHÀ THUỐC HƯƠNG VỊ,,"Tổ 13, TT An Bài",Quỳnh Phụ,Thái Bình
NHÀ THUỐC CÔ MƠ,,TT Diêm Điền - Thái Thụy,Thái Thụy,Thái Bình
QUẦY THUỐC TRẦN THỊ THƯ,,"Kiot Hiệu thuốcX Tiền Tiến, Tiểu Hoàng",Tiền Hải,Thái Bình
NHÀ THUỐC TTD TIỀN HẢI,,Phố Tiểu Hoàng,Tiền Hải,Thái Bình
QUẦY THUỐC CẨM BÌNH,,"Thôn Ái Quốc, Nam Thành",Tiền Hải,Thái Bình
CÔNG TY DƯỢC ĐỨC HƯNG,506,"Lý Bôn, Phường Đề Thám",TP Thái Bình,Thái Bình
NHÀ THUỐC VÂN TRƯỜNG,,"Thôn Quyến, Vũ Chính",TP Thái Bình,Thái Bình
NHÀ THUỐC LÊ ĐÀO - CÔNG TY CP SAO MAI,5,"Tổ 28, Phạm Đôn Lễ, Phường Bồ Xuyên",TP Thái Bình,Thái Bình
NHÀ THUỐC BÙI THỊ LAN,,"La Uyên, Minh Quang",Vũ Thư,Thái Bình
NHÀ THUỐC MÙI PHÚC,,Phố Chợ 1 Thị Trấn  Hùng Sơn,Huyện Đại Từ,Thái Nguyên
NHÀ THUỐC DUNG HƯNG,,Ki ốt số 3 Chợ Chùa Hang TT Chùa Hang,Huyện Đồng Hỷ,Thái Nguyên
NHÀ THUỐC HIỆP THÚY,19,Tổ 2 Đường Vó Ngựa Phường Hương Sơn,Huyện Hương Sơn,Thái Nguyên
NHÀ THUỐC THANH HOA,,Xóm 7_Xã Sơn Cẩm,Huyện Phú Lương,Thái Nguyên
NHÀ THUỐC CƯỜNG HỒNG,322,Đường Lương Ngọc Quyến,Phường  Đồng Quang,Thái Nguyên
NHÀ THUỐC NGỌC HẢO,343,Đường  Bắc Kạn,Phường Hoàng Văn Thụ,Thái Nguyên
NHÀ THUỐC HỮU YẾN,965,Đường Dương Tự Minh_,Phường Hoàng Văn Thụ,Thái Nguyên
NHÀ THUỐC THÁI NGUYÊN - C LOAN ,69A,Tổ 2_Đường Phan Đình Phùng,Phường Phan Đình Phùng,Thái Nguyên
NHÀ THUỐC THẢO VÂN,32,Tổ 17,Phường Quan Triều,Thái Nguyên
NHÀ THUỐC THƯ THÁI,437,Đường Quang Trung ,Phường Thịnh Đán,Thái Nguyên
NHÀ THUỐC CẨM PHONG SƠN,227,Tổ 18,Phường Trung Thành,Thái Nguyên
CÔNG TY TUYÊN THÂN,09,Đường Phan Đình Phùng,Phường Túc Duyên,Thái Nguyên
NHÀ THUỐC THÚY NGỌC,1014,Tổ 2_Phố Cò,Sông Công,Thái Nguyên
NHÀ THUỐC LAN QUÝ,91,Đường Đỗ Cận_Tổ 3_Phường Ba Hàng,Thị Xã Phổ Yên,Thái Nguyên
NHÀ THUỐC THẮNG HƯƠNG,41,TDP 6 Phường Ba Hàng,Thị Xã Phổ Yên,Thái Nguyên
QT MAI VĂN ĐẢM,,Xóm 1 Xã Nga Thủy, Nga Sơn,Thanh Hóa
QUẦY THUỐC SỐ 5,,Ngã 3 Sy - Kiên Thọ, Ngọc Lặc,Thanh Hóa
QUẦY THUỐC SỐ 43,,Ba Chè - Thị Trấn Vạn Hà, Thiệu Hóa,Thanh Hóa
QUÂY THUỐC SỐ 3,,Cổng BV Vĩnh Lộc - TT Vĩnh Lộc , Vĩnh Lộc,Thanh Hóa
NT THẢO VÂN,91,Đào Duy Từ,Ba Đình,Thanh Hóa
NHÀ THUỐC TƯ NHÂN HÒA KHOAN,36,Tổ 7 Cổng Bệnh Viện Cẩm Thủy  TK 6 ,Cẩm Thủy,Thanh Hóa
QUẦY THUỐC SỐ 2,,Xã Cẩm Châu - Thị Trấn Cẩm Thủy,Cẩm Thủy,Thanh Hóa
QUẦY THUỐC SỐ 59,,Cổng BV ĐK Huyện Đông Sơn - Thị Trấn Rừng Thông ,Đông Sơn,Thanh Hóa
NHÀ THUỐC TRÂM TỚI,,"Chợ Quăng xã Hoàng Lộc, Hoằng Hóa",Hoằng Hóa,Thanh Hóa
CTY  DƯỢC VTYT THANH HÓA - CHI NHÁNH NGỌC LẠC  QUẦY TRUNG TÂM CND,,Khu3 Thi Trấn Ngọc lặc,Ngoc Lặc,Thanh Hóa
NHÀ THUỐC TRƯƠNG THỊ LÝ,145,"Khu Phố 2 Thị trấn Bến sung, Như Thanh",Như Thanh,Thanh Hóa
QUẦY THUỐC SỐ 2,,"Chợ Yên Cát, Thị Trấn Như Xuân",Như Xuân,Thanh Hóa
NHÀ THUỐC HÙNG ĐẰNG,,Ngã 3 Chuối Thị Trấn Nông Cống,Nông Cống ,Thanh Hóa
NHÀ THUỐC HÀ ĐU,,Phố Môi                              ,Quảng Tâm,Thanh Hóa
NHÀ THUỐC LƯỜNG THỊ LÝ,,"Thôn Dụng Tú xã Quảng Phong, Quảng Xương",Quảng Xương,Thanh Hóa
CN DƯỢC PHẨM THIỆU HÓA - QT SỐ 2,258,TT Vạn Hà,Thiệu Hóa,Thanh Hóa
CTY DƯỢC VTYT THANH HÓA - CHI NHÁNH THỌ XUÂN  ,,Khu3 Thị Trấn Sao vàng ,Thọ Xuân,Thanh Hóa
NHÀ THUỐC NGHỊ TUYẾT,148,Lê Lợi - Thị Trấn Thọ Xuân,Thọ Xuân ,Thanh Hóa
NHÀ THUỐC THANH TÙNG,,"QL 1A Xã Hải Hòa, Tĩnh Gia",Tĩnh Gia,Thanh Hóa
NHÀ THUỐC CHÂU HOÀNG,181, Hải Thượng Lãn Ông ,TP Thanh Hóa,Thanh Hóa
NHÀ THUỐC THANH TRÚC,701, Nguyễn Trãi,TP Thanh Hóa,Thanh Hóa
NHÀ THUỐC HẢI HẠNH,197, Nguyễn Trãi ,TP Thanh Hóa,Thanh Hóa
NHÀ THUỐC XUÂN QUÝ,177A, Trường Thi,Tp Thanh Hóa,Thanh Hóa
NHÀ THUỐC TƯ NHÂN PHONG THÚY,151, Trường Thi ,Tp Thanh Hóa,Thanh Hóa
QUẦY THUỐC SỐ 30,,QL 47 -  Thị Trấn Rừng Thông - Phường Đông Sơn,TP Thanh Hóa,Thanh Hóa
NHÀ THUỐC ĐẠI AN,224,Tống Duy Tân- Phường Lam Sơn ,TP Thanh Hóa,Thanh Hóa
NHÀ THUỐC LONG TUYẾT,2,Ỷ Lan ,TP Thanh Hóa,Thanh Hóa
QUẦY THUỐC SỐ 6,45,Thị Trấn Triệu Sơn,Triệu Sơn ,Thanh Hóa
NT HOÀNG ANH,90, Đường Trần Phú- Phường Ba Đình,TX Bỉm Sơn,Thanh Hóa
NHÀ THUỐC THẢO NGUYÊN,554,554 Trần Phú _P Lam Sơn,TX Bỉm Sơn,Thanh Hóa
CN DƯỢC PHẨM YÊN ĐỊNH - QT SỐ 1,,Khu 5- TT Quán Lào,Yên Định,Thanh Hóa
NHÀ THUỐC MAI THƯ,,phố Kiểu ,Yên Định,Thanh Hóa
NHÀ THUỐC HẢI HẢI,141,QL 45 Tiểu Khu 5 -TT Quán Lào - Yên Định - Thanh Hóa,Yên Định,Thanh Hóa
NHÀ THUỐC BÍCH NGỌC 2 ,143, Đinh Tiên Hoàng , TP Huế,Thừa Thiên Huế
NHÀ THUỐC HỒNG LAN 1 ,37,Lê Thánh Tôn, TP Huế,Thừa Thiên Huế
NHÀ THUỐC PHƯƠNG VINH ,37,Nguyễn Trãi , TP Huế,Thừa Thiên Huế
NHÀ THUỐC NGÔ QUÝ THÍCH,157,Trần Hưng Đạo, TP Huế,Thừa Thiên Huế
NHÀ THUỐC BẮC ĐẠI HÙNG,127,Trần Hưng Đạo, TP Huế,Thừa Thiên Huế
NHÀ THUỐC THANH NỮ ,,Trần Hưng Đạo (Chợ Đông Ba ), TP Huế,Thừa Thiên Huế
NHÀ THUỐC TÂN QUANG ,,Trần Hưng Đạo (Chợ Đông Ba ), TP Huế,Thừa Thiên Huế
NHÀ THUỐC SỐ 6,,Trần Hưng Đạo (Chợ Đông Ba ), TP Huế,Thừa Thiên Huế
NHÀ THUỐC SỐ 3 ,1142, Nguyễn Tất Thành, TT Phú Bài,Thừa Thiên Huế
NHÀ THUỐC THOAN,945,Nguyễn Tất Thành , TT Phú Bài,Thừa Thiên Huế
NHÀ THUỐC TRỊNH THỊ GÁI ,,Chợ Phong Điền ,H.Phong Điền,Thừa Thiên Huế
NHÀ THUỐC SỐ 2 ,,Chợ Phú Bài ,Hương Thủy,Thừa Thiên Huế
NT BẢO HOÀNG,,Nguyễn Tất Thành - Thị Trấn Phú Bài ,Hương Thủy,Thừa Thiên Huế
NT NHẬT QUANG,,Nguyễn Tất Thành - Thị Trấn Phú Bài ,Hương Thủy,Thừa Thiên Huế
NHÀ THUỐC NA THỨC,,Thôn 9 ,Hương Thủy,Thừa Thiên Huế
NHÀ THUỐC TỨ HẠ ,,Chợ Tứ Hạ,Hương Trà ,Thừa Thiên Huế
NHÀ THUỐC VŨ THỊ THỊ ,,Đường CMT8 ,Hương Trà ,Thừa Thiên Huế
NT MINH HỒNG,,Cầu Nông - Lộc Bổn ,Phú Lộc ,Thừa Thiên Huế
NT BẢO HƯNG,34,Bà Triệu ,Tp Huế,Thừa Thiên Huế
NT BÌNH AN 2,8,Phạm Văn Đồng ,Tp Huế,Thừa Thiên Huế
NT BẾN NGỰ,41,Phan Bội Châu,Tp Huế,Thừa Thiên Huế
NHÀ THUỐC MINH LÝ ,93,Bùi Thị Xuân,TP Huế ,Thừa Thiên Huế
NHÀ THUỐC KHÔI NGUYÊN ,42,Ngô Quyền,TP Huế ,Thừa Thiên Huế
PHÙNG XUÂN ĐƯỜNG,"238, ấp 4 ",chợ An Hữu ,Cái Bè,Tiền Giang
NHƠN AN HÒA, ,Chợ Thiên Hộ ,Cái Bè,Tiền Giang
NHÀ THUỐC ĐÔNG BÌNH,195 ,Khu 3 ,Cái Bè,Tiền Giang
NHÀ THUỐC ĐÌNH THÁI,xã Hòa Khánh ,QL 1A ,Cái Bè,Tiền Giang
NHÀ THUỐC NAM THỌ PHÁT,ấp chợ ,xã An Thái Đông ,Cái Bè,Tiền Giang
NHÀ THUỐC THANH NHÃ,A7 B7 ,Chợ Tam Bình ,Cai Lậy,Tiền Giang
VẠN SANH HÒA,60 ,QL1a ,Cai Lậy,Tiền Giang
NHÀ THUỐC VĨNH AN,231 ,Trương Văn Sanh ,Cai Lậy,Tiền Giang
QUẦY THUỐC SỐ 10,ấp 10 ,xã Phú An ,Cai Lậy,Tiền Giang
TẾ HÒA ĐƯỜNG,731/1 ,866 Tân Hội Đông,Châu Thành,Tiền Giang
QUẦY THUỐC SỐ 10,92 ,866 Tân Lý Đông,Châu Thành,Tiền Giang
NHƯ LÝ ĐƯỜNG, ,Ấp Bình Thới ,Châu Thành,Tiền Giang
NHÀ THUỐC NGỌC CÚC,65 ,Ấp Cá TT Tân Hiệp,Châu Thành,Tiền Giang
NHÀ THUỐC PHƯƠNG TÂM,75D ,Ấp Rẫy TT Tân Hiệp,Châu Thành,Tiền Giang
QUẦY THUỐC SỐ 112,12 ,Chợ Bình Đức ,Châu Thành,Tiền Giang
NHÀ THUỐC NGỌC SƯƠNG,142 ,Chợ Vĩnh Kim ,Châu Thành,Tiền Giang
QUẦY THUỐC SỐ 23,23 ,QL1a ,Châu Thành,Tiền Giang
VÕ VĂN MINH,8 ,879c Đăng Hưng Phước,Chợ Gạo,Tiền Giang
LƯƠNG TẾ ĐƯỜNG,86 ,"Ô1, Khu 2 TT Chợ Gạo",Chợ Gạo,Tiền Giang
PHÙNG AN ĐƯỜNG,60 ,Hai Bà Trưng Phường 1,Gò Công,Tiền Giang
NHÀ THUỐC NGUYỄN THỊ LỆ HẰNG,17 ,Nguyễn Huệ Phường 1,Gò Công,Tiền Giang
QUẦY THUỐC SỐ 233,63/3 ,Phan Bội Châu TT Vĩnh Bình,Gò Công,Tiền Giang
NHÀ THUỐC KIM PHỤNG,220 ,Đinh Bộ Lĩnh  ,Mỹ Tho,Tiền Giang
NHÀ THUỐC VÂN TRANG,Kios1-2 chợ cũ ,Học Lạc ,Mỹ Tho,Tiền Giang
THIÊN THỌ ĐƯỜNG,227 ,Nam Kỳ Khởi Nghĩa Phường 4,Mỹ Tho,Tiền Giang
NHÀ THUỐC GIA NGHI,152 ,Nguyễn Huệ ,Mỹ Tho,Tiền Giang
NHÀ THUỐC TAM DÂN,37 ,Nguyễn Huệ ,Mỹ Tho,Tiền Giang
ĐỨC SANH ĐƯỜNG,93 ,Trưng Trắc ,Mỹ Tho,Tiền Giang
QUẦY THUỐC SỐ 4,4 ,Chợ Tân Phước ,Tân Phước,Tiền Giang
NHÀ THUỐC TRUNG TÂM TÂN PHƯỚC,1 ,Chợ Tân Phước ,Tân Phước,Tiền Giang
